URL,Img_URL,Bust,Waist,Hip,Class
https://bodysize.date/tina-ahuja/,https://bodysize.date/wp-content/uploads/2020/06/Tina-Ahuja-Body-Size.jpg,33,25,34,Rectangle
https://bodysize.date/alison-lohman/,https://bodysize.date/wp-content/uploads/2020/06/Alison-Lohman-Body-Size.jpg,34,25,33,Rectangle
https://bodysize.date/zoe-mclellan/,https://bodysize.date/wp-content/uploads/2020/06/Zoe-McLellan-Body-Size.jpg,36,25,35,Hourglass
https://bodysize.date/demi-moore/,https://bodysize.date/wp-content/uploads/2020/01/Demi-Moore-Body-Size.jpg,34,24,33,Hourglass
https://bodysize.date/jessica-alba/,https://bodysize.date/wp-content/uploads/2020/01/Jessica-Alba-Body-Size.jpg,34,24,34,Hourglass
https://bodysize.date/eva-green/,https://bodysize.date/wp-content/uploads/2020/01/Eva-Green-Body-Size.jpg,35,24,35,Hourglass
https://bodysize.date/heather-thomas/,https://bodysize.date/wp-content/uploads/2020/06/Heather-Thomas-Body-Size.jpg,36,24,34,Inverted triangle
https://bodysize.date/elise-neal/,https://bodysize.date/wp-content/uploads/2020/06/Elise-Neal-Body-Size.jpg,36,25,36,Hourglass
https://bodysize.date/udaya-bhanu/,https://bodysize.date/wp-content/uploads/2020/06/Udaya-Bhanu-Body-Size.jpg,34,26,35,Rectangle
https://bodysize.date/shakira/,https://bodysize.date/wp-content/uploads/2020/01/Shakira-Body-Size.jpg,34,24,37,Pear or triangle
https://bodysize.date/angelina-jolie/,https://bodysize.date/wp-content/uploads/2020/01/Angelina-Jolie-Body-Size.jpg,36,23,35,Hourglass
https://bodysize.date/joey-king/,https://bodysize.date/wp-content/uploads/2020/01/Joey-King-Body-Size.jpg,34,26,35,Rectangle
https://bodysize.date/kate-upton/,https://bodysize.date/wp-content/uploads/2020/01/Kate-Upton-Body-Size.jpg,39,28,36,Inverted triangle
https://bodysize.date/debra-messing/,https://bodysize.date/wp-content/uploads/2020/02/Debra-Messing-Body-Size.jpg,35,25,35,Hourglass
https://bodysize.date/kate-moss/,https://bodysize.date/wp-content/uploads/2020/01/Kate-Moss-Body-Size.jpg,34,26,35,Rectangle
https://bodysize.date/juliette-lewis/,https://bodysize.date/wp-content/uploads/2020/01/Juliette-Lewis-Body-Size.jpg,35,24,35,Hourglass
https://bodysize.date/alison-pill/,https://bodysize.date/wp-content/uploads/2020/06/Alison-Pill-Body-Size.jpg,34,25,33,Rectangle
https://bodysize.date/rebecca-ferguson/,https://bodysize.date/wp-content/uploads/2020/01/Rebecca-Ferguson-Body-Size.jpg,36,25,36,Hourglass
https://bodysize.date/priyamani/,https://bodysize.date/wp-content/uploads/2020/02/Priyamani-Body-Size.jpg,34,27,36,Pear or triangle
https://bodysize.date/annabella-sciorra/,https://bodysize.date/wp-content/uploads/2020/06/Annabella-Sciorra-Body-Size.jpg,34,23,33,Hourglass
https://bodysize.date/natalia-dyer/,https://bodysize.date/wp-content/uploads/2020/06/Natalia-Dyer-Body-Size.jpg,30,22,31,Hourglass
https://bodysize.date/abigail-breslin/,https://bodysize.date/wp-content/uploads/2020/01/Abigail-Breslin-Body-Size.jpg,37,28,34,Inverted triangle
https://bodysize.date/danielle-panabaker/,https://bodysize.date/wp-content/uploads/2020/06/Danielle-Panabaker-Body-Size.jpg,34,25,34,Hourglass
https://bodysize.date/lyndsy-fonseca/,https://bodysize.date/wp-content/uploads/2020/06/Lyndsy-Fonseca-Body-Size.jpg,35,24,34,Hourglass
https://bodysize.date/mackenzie-rosman/,https://bodysize.date/wp-content/uploads/2020/02/Mackenzie-Rosman-Body-Size.jpg,36,26,35,Hourglass
https://bodysize.date/karen-gillan/,https://bodysize.date/wp-content/uploads/2020/01/Karen-Gillan-Body-Size.jpg,34,26,34,Rectangle
https://bodysize.date/emma-stone/,https://bodysize.date/wp-content/uploads/2020/01/Emma-Stone-Body-Size.jpg,34,24,33,Hourglass
https://bodysize.date/aj-michalka/,https://bodysize.date/wp-content/uploads/2020/06/AJ-Michalka-Body-Size.jpg,35,26,34,Rectangle
https://bodysize.date/fiona-xie/,https://bodysize.date/wp-content/uploads/2020/06/Fiona-Xie-Body-Size.jpg,33,25,34,Rectangle
https://bodysize.date/alice-evans/,https://bodysize.date/wp-content/uploads/2020/06/Alice-Evans-Body-Size.jpg,36,25,35,Hourglass
https://bodysize.date/emily-procter/,https://bodysize.date/wp-content/uploads/2020/06/Emily-Procter-Body-Size.jpg,38,24,36,Inverted triangle
https://bodysize.date/emily-watson/,https://bodysize.date/wp-content/uploads/2020/06/Emily-Watson-Body-Size.jpg,35,25,33,Inverted triangle
https://bodysize.date/ingrid-bergman/,https://bodysize.date/wp-content/uploads/2020/06/Ingrid-Bergman-Body-Size.jpg,34,24,34,Hourglass
https://bodysize.date/sally-field/,https://bodysize.date/wp-content/uploads/2020/01/Sally-Field-Body-Size.jpg,36,26,35,Hourglass
https://bodysize.date/salma-hayek/,https://bodysize.date/wp-content/uploads/2020/01/Salma-Hayek-Body-Size.jpg,36,24,36,Hourglass
https://bodysize.date/hareem-farooq/,https://bodysize.date/wp-content/uploads/2020/05/Hareem-Farooq-Body-Size.jpg,35,27,36,Rectangle
https://bodysize.date/amy-davidson/,https://bodysize.date/wp-content/uploads/2020/05/Amy-Davidson-Body-Size.jpg,34,27,35,Rectangle
https://bodysize.date/christina-ochoa/,https://bodysize.date/wp-content/uploads/2020/05/Christina-Ochoa-Body-Size.jpg,37,25,37,Hourglass
https://bodysize.date/jordana-spiro/,https://bodysize.date/wp-content/uploads/2020/02/Jordana-Spiro-Body-Size.jpg,34,26,35,Rectangle
https://bodysize.date/isabel-granada/,https://bodysize.date/wp-content/uploads/2020/05/Isabel-Granada-Body-Size.jpg,34,26,34,Rectangle
https://bodysize.date/charlize-theron/,https://bodysize.date/wp-content/uploads/2020/01/Charlize-Theron-Body-Size.jpg,36,24,36,Hourglass
https://bodysize.date/dakota-johnson-2/,https://bodysize.date/wp-content/uploads/2020/01/Dakota-Johnson-Body-Size.jpg,34,24,34,Hourglass
https://bodysize.date/julie-christie/,https://bodysize.date/wp-content/uploads/2020/02/Julie-Christie-Body-Size.jpg,36,24,36,Hourglass
https://bodysize.date/joan-cusack/,https://bodysize.date/wp-content/uploads/2020/05/Joan-Cusack-Body-Size.jpg,36,27,34,Inverted triangle
https://bodysize.date/ara-mina/,https://bodysize.date/wp-content/uploads/2020/05/Ara-Mina-Body-Size.jpg,36,26,35,Hourglass
https://bodysize.date/nia-sharma/,https://bodysize.date/wp-content/uploads/2020/05/Nia-Sharma-Body-Size.jpg,34,25,34,Hourglass
https://bodysize.date/melania-trump/,https://bodysize.date/wp-content/uploads/2020/01/Melania-Trump-Body-Size.jpg,38,26,37,Hourglass
https://bodysize.date/talulah-riley/,https://bodysize.date/wp-content/uploads/2020/05/Talulah-Riley-Body-Size.jpg,35,24,34,Hourglass
https://bodysize.date/natalie-bassingthwaighte/,https://bodysize.date/wp-content/uploads/2020/05/Natalie-Bassingthwaighte-Body-Size.jpg,34,24,33,Hourglass
https://bodysize.date/lina-esco/,https://bodysize.date/wp-content/uploads/2020/05/Lina-Esco-Body-Size.jpg,35,25,35,Hourglass
https://bodysize.date/dominique-swain/,https://bodysize.date/wp-content/uploads/2020/05/Dominique-Swain-Body-Size.jpg,32,24,33,Hourglass
https://bodysize.date/winona-ryder/,https://bodysize.date/wp-content/uploads/2020/05/Winona-Ryder-Body-Size.jpg,36,24,35,Hourglass
https://bodysize.date/tara-reid/,https://bodysize.date/wp-content/uploads/2020/05/Tara-Reid-Body-Size.jpg,36,24,35,Hourglass
https://bodysize.date/shannen-doherty/,https://bodysize.date/wp-content/uploads/2020/05/Shannen-Doherty-Body-Size.jpg,37,26,36,Hourglass
https://bodysize.date/danniella-westbrook/,https://bodysize.date/wp-content/uploads/2020/05/Danniella-Westbrook-Body-Size.jpg,34,26,35,Rectangle
https://bodysize.date/marlee-matlin/,https://bodysize.date/wp-content/uploads/2020/05/Marlee-Matlin-Body-Size.jpg,34,27,35,Rectangle
https://bodysize.date/natasha-richardson/,https://bodysize.date/wp-content/uploads/2020/05/Natasha-Richardson-Body-Size.jpg,36,24,34,Inverted triangle
https://bodysize.date/sharon-stone/,https://bodysize.date/wp-content/uploads/2020/05/Sharon-Stone-Body-Size.jpg,36,25,35,Hourglass
https://bodysize.date/christine-taylor/,https://bodysize.date/wp-content/uploads/2020/05/Christine-Taylor-Body-Size.jpg,34,25,34,Hourglass
https://bodysize.date/ivanka-trump/,https://bodysize.date/wp-content/uploads/2020/01/Ivanka-Trump-Body-Size.jpg,38,26,36,Inverted triangle
https://bodysize.date/gigi-hadid/,https://bodysize.date/wp-content/uploads/2020/01/Gigi-Hadid-Body-Size.jpg,35,25,35,Hourglass
https://bodysize.date/kylie-jenner/,https://bodysize.date/wp-content/uploads/2020/01/Kylie-Jenner-Body-Size.jpg,38,27,36,Inverted triangle
https://bodysize.date/kendall-jenner/,https://bodysize.date/wp-content/uploads/2020/01/Kendall-Jenner-Body-Size.jpg,34,24,34,Hourglass
https://bodysize.date/scarlett-johansson/,https://bodysize.date/wp-content/uploads/2020/01/Scarlett-Johansson-Body-Size.jpg,36,26,36,Hourglass
https://bodysize.date/selena-gomez/,https://bodysize.date/wp-content/uploads/2020/01/Selena-Gomez-Body-Size.jpg,35,26,35,Hourglass
https://bodysize.date/deanna-russo/,https://bodysize.date/wp-content/uploads/2020/05/Deanna-Russo-Body-Size.jpg,36,25,36,Hourglass
https://bodysize.date/kate-beckinsale/,https://bodysize.date/wp-content/uploads/2020/01/Kate-Beckinsale-Body-Size.jpg,34,23,34,Hourglass
https://bodysize.date/kelly-clarkson/,https://bodysize.date/wp-content/uploads/2020/01/Kelly-Clarkson-Body-Size.jpg,37,31,37,Rectangle
https://bodysize.date/tracee-ellis-ross/,https://bodysize.date/wp-content/uploads/2020/02/Tracee-Ellis-Ross-Body-Size.jpg,34,27,35,Rectangle
https://bodysize.date/melanie-laurent/,https://bodysize.date/wp-content/uploads/2020/02/Mélanie-Laurent-Body-Size.jpg,36,25,35,Hourglass
https://bodysize.date/farrah-fawcett/,https://bodysize.date/wp-content/uploads/2020/05/Farrah-Fawcett-Body-Size.jpg,36,24,35,Hourglass
https://bodysize.date/kristen-miller/,https://bodysize.date/wp-content/uploads/2020/05/Kristen-Miller-Body-Size.jpg,34,27,36,Pear or triangle
https://bodysize.date/diane-farr/,https://bodysize.date/wp-content/uploads/2020/02/Diane-Farr-Body-Size.jpg,32,25,35,Pear or triangle
https://bodysize.date/megyn-price/,https://bodysize.date/wp-content/uploads/2020/05/Megyn-Price-Body-Size.jpg,39,26,36,Inverted triangle
https://bodysize.date/jill-wagner/,https://bodysize.date/wp-content/uploads/2020/02/Jill-Wagner-Body-Size.jpg,37,25,35,Inverted triangle
https://bodysize.date/camila-cabello/,https://bodysize.date/wp-content/uploads/2020/01/Camila-Cabello-Body-Size.jpg,34,25,34,Hourglass
https://bodysize.date/jamie-lynn-sigler/,https://bodysize.date/wp-content/uploads/2020/05/Jamie-Lynn-Sigler-Body-Size.jpg,36,25,34,Inverted triangle
https://bodysize.date/melissa-gilbert/,https://bodysize.date/wp-content/uploads/2020/05/Melissa-Gilbert-Body-Size.jpg,39,28,38,Hourglass
https://bodysize.date/kelly-preston/,https://bodysize.date/wp-content/uploads/2020/05/Kelly-Preston-Body-Size.jpg,37,25,35,Inverted triangle
https://bodysize.date/martina-garcia/,https://bodysize.date/wp-content/uploads/2020/02/Martina-García-Body-Size.jpg,33,25,34,Rectangle
https://bodysize.date/betty-white/,https://bodysize.date/wp-content/uploads/2020/05/Betty-White-Body-Size.jpg,32,25,35,Pear or triangle
https://bodysize.date/zsa-zsa-gabor/,https://bodysize.date/wp-content/uploads/2020/05/Zsa-Zsa-Gabor-Body-Size.jpg,36,26,35,Hourglass
https://bodysize.date/patricia-arquette/,https://bodysize.date/wp-content/uploads/2020/05/Patricia-Arquette-Body-Size.jpg,38,28,36,Inverted triangle
https://bodysize.date/rihanna/,https://bodysize.date/wp-content/uploads/2020/01/Rihanna-Body-Size.jpg,36,26,36,Hourglass
https://bodysize.date/ariel-winter/,https://bodysize.date/wp-content/uploads/2020/05/Ariel-Winter-Body-Size.jpg,38,28,34,Inverted triangle
https://bodysize.date/zendaya/,https://bodysize.date/wp-content/uploads/2020/05/Zendaya-Body-Size.jpg,34,25,34,Hourglass
https://bodysize.date/jaime-pressly/,https://bodysize.date/wp-content/uploads/2020/02/Jaime-Pressly-Body-Size.jpg,36,24,36,Hourglass
https://bodysize.date/maggie-gyllenhaal/,https://bodysize.date/wp-content/uploads/2020/05/Maggie-Gyllenhaal-Body-Size.jpg,36,25,35,Hourglass
https://bodysize.date/eva-amurri/,https://bodysize.date/wp-content/uploads/2020/05/Eva-Amurri-Body-Size.jpg,36,24,35,Hourglass
https://bodysize.date/brandy-grace/,https://bodysize.date/wp-content/uploads/2020/05/Brandy-Grace-Body-Size.jpg,34,24,34,Hourglass
https://bodysize.date/brenda-song/,https://bodysize.date/wp-content/uploads/2020/05/Brenda-Song-Body-Size.jpg,34,24,34,Hourglass
https://bodysize.date/judith-light/,https://bodysize.date/wp-content/uploads/2020/02/Judith-Light-Body-Size.jpg,34,25,32,Inverted triangle
https://bodysize.date/katie-cassidy/,https://bodysize.date/wp-content/uploads/2020/05/Katie-Cassidy-Body-Size.jpg,34,24,34,Hourglass
https://bodysize.date/gina-gershon/,https://bodysize.date/wp-content/uploads/2020/05/Gina-Gershon-Body-Size.jpg,36,26,35,Hourglass
https://bodysize.date/natasha-starr/,https://bodysize.date/wp-content/uploads/2020/05/Natasha-Starr-Body-Size.jpg,34,27,34,Rectangle
https://bodysize.date/kimberly-williams-paisley/,https://bodysize.date/wp-content/uploads/2020/05/Kimberly-Williams-Paisley-Body-Size.jpg,34,24,34,Hourglass
https://bodysize.date/bruna-abdullah/,https://bodysize.date/wp-content/uploads/2020/02/Bruna-Abdullah-Body-Size.jpg,35,26,35,Hourglass
https://bodysize.date/ariane-rinehart/,https://bodysize.date/wp-content/uploads/2020/02/Ariane-Rinehart-Body-Size.jpg,31,24,32,Rectangle
https://bodysize.date/natalie-martinez/,https://bodysize.date/wp-content/uploads/2020/05/Natalie-Martinez-Body-Size.jpg,35,25,35,Hourglass
https://bodysize.date/selma-blair/,https://bodysize.date/wp-content/uploads/2020/05/Selma-Blair-Body-Size.jpg,33,23,33,Hourglass
https://bodysize.date/kelly-rutherford/,https://bodysize.date/wp-content/uploads/2020/05/Kelly-Rutherford-Body-Size.jpg,36,26,36,Hourglass
https://bodysize.date/angie-harmon/,https://bodysize.date/wp-content/uploads/2020/05/Angie-Harmon-Body-Size.jpg,34,24,34,Hourglass
https://bodysize.date/nia-long/,https://bodysize.date/wp-content/uploads/2020/02/Nia-Long-Body-Size.jpg,38,28,38,Hourglass
https://bodysize.date/jennifer-carpenter/,https://bodysize.date/wp-content/uploads/2020/05/Jennifer-Carpenter-Body-Size.jpg,36,25,35,Hourglass
https://bodysize.date/amanda-peet/,https://bodysize.date/wp-content/uploads/2020/05/Amanda-Peet-Body-Size.jpg,34,24,34,Hourglass
https://bodysize.date/rae-dawn-chong/,https://bodysize.date/wp-content/uploads/2020/05/Rae-Dawn-Chong-Body-Size.jpg,35,27,36,Rectangle
https://bodysize.date/stormy-daniels/,https://bodysize.date/wp-content/uploads/2020/05/Stormy-Daniels-Body-Size.jpg,36,26,36,Hourglass
https://bodysize.date/rebecca-hall/,https://bodysize.date/wp-content/uploads/2020/05/Rebecca-Hall-Body-Size.jpg,34,24,34,Hourglass
https://bodysize.date/milla-jovovich/,https://bodysize.date/wp-content/uploads/2020/05/Milla-Jovovich-Body-Size.jpg,34,24,34,Hourglass
https://bodysize.date/jessica-chastain/,https://bodysize.date/wp-content/uploads/2020/05/Jessica-Chastain-Body-Size.jpg,36,25,35,Hourglass
https://bodysize.date/jenna-dewan/,https://bodysize.date/wp-content/uploads/2020/05/Jenna-Dewan-Body-Size.jpg,33,24,33,Hourglass
https://bodysize.date/kristy-swanson/,https://bodysize.date/wp-content/uploads/2020/05/Kristy-Swanson-Body-Size.jpg,35,24,35,Hourglass
https://bodysize.date/tiya-sircar-2/,https://bodysize.date/wp-content/uploads/2020/01/Tiya-Sircar.jpg,34,26,35,Rectangle
https://bodysize.date/maggie-grace/,https://bodysize.date/wp-content/uploads/2020/05/Maggie-Grace-Body-Size.jpg,36,25,36,Hourglass
https://bodysize.date/rosie-perez/,https://bodysize.date/wp-content/uploads/2020/05/Rosie-Perez-Body-Size.jpg,37,27,37,Hourglass
https://bodysize.date/emily-deschanel/,https://bodysize.date/wp-content/uploads/2020/05/Emily-Deschanel-Body-Size.jpg,38,29,36,Inverted triangle
https://bodysize.date/elisabeth-rohm/,https://bodysize.date/wp-content/uploads/2020/05/Elisabeth-Rohm-Body-Size.jpg,36,26,36,Hourglass
https://bodysize.date/nathalie-kelley/,https://bodysize.date/wp-content/uploads/2020/05/Nathalie-Kelley-Body-Size.jpg,34,28,34,Rectangle
https://bodysize.date/haylie-duff/,https://bodysize.date/wp-content/uploads/2020/05/Haylie-Duff-Body-Size.jpg,35,28,35,Rectangle
https://bodysize.date/keke-palmer/,https://bodysize.date/wp-content/uploads/2020/05/Keke-Palmer-Body-Size.jpg,32,24,33,Hourglass
https://bodysize.date/jessica-stroup/,https://bodysize.date/wp-content/uploads/2020/02/Jessica-Stroup-Body-Size.jpg,32,24,35,Pear or triangle
https://bodysize.date/melissa-fumero/,https://bodysize.date/wp-content/uploads/2020/05/Melissa-Fumero-Body-Size.jpg,36,26,36,Hourglass
https://bodysize.date/ly-jonaitis/,https://bodysize.date/wp-content/uploads/2020/05/Ly-Jonaitis-Body-Size.jpg,36,24,36,Hourglass
https://bodysize.date/kim-raver/,https://bodysize.date/wp-content/uploads/2020/05/Kim-Raver-Body-Size.jpg,35,25,35,Hourglass
https://bodysize.date/tea-leoni/,https://bodysize.date/wp-content/uploads/2020/05/Tea-Leoni-Body-Size.jpg,34,26,34,Rectangle
https://bodysize.date/sophia-loren/,https://bodysize.date/wp-content/uploads/2020/05/Sophia-Loren-Body-Size.jpg,38,25,38,Hourglass
https://bodysize.date/minnie-driver/,https://bodysize.date/wp-content/uploads/2020/05/Minnie-Driver-Body-Size.jpg,36,26,36,Hourglass
https://bodysize.date/emily-atack-2/,https://bodysize.date/wp-content/uploads/2019/12/Emily-Atack.jpg,34,26,35,Rectangle
https://bodysize.date/caitlin-stasey/,https://bodysize.date/wp-content/uploads/2020/05/Caitlin-Stasey-Body-Size.jpg,35,24,34,Hourglass
https://bodysize.date/laura-san-giacomo/,https://bodysize.date/wp-content/uploads/2020/05/Laura-San-Giacomo-Body-Size.jpg,37,25,35,Inverted triangle
https://bodysize.date/mandy-moore/,https://bodysize.date/wp-content/uploads/2020/05/Mandy-Moore-Body-Size.jpg,36,26,36,Hourglass
https://bodysize.date/rachel-skarsten/,https://bodysize.date/wp-content/uploads/2020/05/Rachel-Skarsten-Body-Size.jpg,35,24,35,Hourglass
https://bodysize.date/mindy-kaling/,https://bodysize.date/wp-content/uploads/2020/05/Mindy-Kaling-Body-Size.jpg,36,28,37,Rectangle
https://bodysize.date/anna-silk/,https://bodysize.date/wp-content/uploads/2020/05/Anna-Silk-Body-Size.jpg,36,25,35,Hourglass
https://bodysize.date/kiki-minaj/,https://bodysize.date/wp-content/uploads/2020/05/Kiki-Minaj-Body-Size.jpg,32,26,32,Rectangle
https://bodysize.date/arielle-kebbel/,https://bodysize.date/wp-content/uploads/2020/05/Arielle-Kebbel-Body-Size-1.jpg,36,23,33,Inverted triangle
https://bodysize.date/jessica-stam/,https://bodysize.date/wp-content/uploads/2020/05/Jessica-Stam-Body-Size.jpg,34,24,34,Hourglass
https://bodysize.date/sommer-ray/,https://bodysize.date/wp-content/uploads/2020/05/Sommer-Ray-Body-Size.jpg,34,24,38,Pear or triangle
https://bodysize.date/kylie-bisutti/,https://bodysize.date/wp-content/uploads/2020/05/Kylie-Bisutti-Body-Size.jpg,37,24,35,Inverted triangle
https://bodysize.date/amy-fadhli/,https://bodysize.date/wp-content/uploads/2020/05/Amy-Fadhli-Body-Size.jpg,34,23,34,Hourglass
https://bodysize.date/barbie-ferreira/,https://bodysize.date/wp-content/uploads/2020/05/Barbie-Ferreira-Body-Size.jpg,40,34,48,Pear or triangle
https://bodysize.date/lily-cole/,https://bodysize.date/wp-content/uploads/2020/05/Lily-Cole-Body-Size.jpg,34,27,36,Pear or triangle
https://bodysize.date/crystal-renn/,https://bodysize.date/wp-content/uploads/2020/05/Crystal-Renn-Body-Size.jpg,39,32,43,Pear or triangle
https://bodysize.date/denise-bidot/,https://bodysize.date/wp-content/uploads/2020/05/Denise-Bidot-Body-Size.jpg,42,32,45,Pear or triangle
https://bodysize.date/laura-whitmore/,https://bodysize.date/wp-content/uploads/2020/05/Laura-Whitmore-Body-Size.jpg,34,25,34,Hourglass
https://bodysize.date/yvonne-strahovski/,https://bodysize.date/wp-content/uploads/2020/01/Yvonne-Strahovski-Body-Size.jpg,34,24,34,Hourglass
https://bodysize.date/carrie-brownstein-2/,https://bodysize.date/wp-content/uploads/2019/12/Carrie-Brownstein.jpg,35,25,33,Inverted triangle
https://bodysize.date/natalie-portman/,https://bodysize.date/wp-content/uploads/2020/01/Natalie-Portman-Body-Size.jpg,34,25,34,Hourglass
https://bodysize.date/kim-kardashian/,https://bodysize.date/wp-content/uploads/2020/01/Kim-Kardashian-Body-Size.jpg,38,26.5,41,Pear or triangle
https://bodysize.date/emilia-clarke/,https://bodysize.date/wp-content/uploads/2020/01/Emilia-Clarke-Body-Size.jpg,34,24,34,Hourglass
https://bodysize.date/lisa-edelstein/,https://bodysize.date/wp-content/uploads/2020/05/Lisa-Edelstein-Body-Size.jpg,36,24,35,Hourglass
https://bodysize.date/raquel-welch/,https://bodysize.date/wp-content/uploads/2020/05/Raquel-Welch-Body-Size.jpg,37,24,36,Hourglass
https://bodysize.date/anne-menden-2/,https://bodysize.date/wp-content/uploads/2019/12/Anne-Menden.jpg,34,23,34,Hourglass
https://bodysize.date/park-shin-hye/,https://bodysize.date/wp-content/uploads/2020/05/Park-Shin-hye-Body-Size.jpg,32,24,33,Hourglass
https://bodysize.date/sanna-brading/,https://bodysize.date/wp-content/uploads/2020/05/Sanna-Brading-Body-Size.jpg,34,26,35,Rectangle
https://bodysize.date/lisa-bonet/,https://bodysize.date/wp-content/uploads/2020/05/Lisa-Bonet-Body-Size.jpg,32,23,31,Hourglass
https://bodysize.date/laura-marano/,https://bodysize.date/wp-content/uploads/2020/05/Laura-Marano-Body-Size.jpg,32,24,35,Pear or triangle
https://bodysize.date/yara-shahidi/,https://bodysize.date/wp-content/uploads/2020/05/Yara-Shahidi-Body-Size.jpg,31,23,32,Hourglass
https://bodysize.date/clara-lago/,https://bodysize.date/wp-content/uploads/2020/02/Clara-Lago-Body-Size.jpg,33,25,34,Rectangle
https://bodysize.date/fabiana-udenio/,https://bodysize.date/wp-content/uploads/2020/05/Fabiana-Udenio-Body-Size.jpg,36,26,35,Hourglass
https://bodysize.date/rose-byrne/,https://bodysize.date/wp-content/uploads/2020/05/Rose-Byrne-Body-Size.jpg,32,24,33,Hourglass
https://bodysize.date/famke-janssen/,https://bodysize.date/wp-content/uploads/2020/05/Famke-Janssen-Body-Size.jpg,36,25,35,Hourglass
https://bodysize.date/andrea-brillantes/,https://bodysize.date/wp-content/uploads/2020/05/Andrea-Brillantes-Body-Size.jpg,32,24,33,Hourglass
https://bodysize.date/mina-sundwall/,https://bodysize.date/wp-content/uploads/2020/05/Mina-Sundwall-Body-Size.jpg,34,24,34,Hourglass
https://bodysize.date/joely-fisher/,https://bodysize.date/wp-content/uploads/2020/05/Joely-Fisher-Body-Size.jpg,39,27,38,Hourglass
https://bodysize.date/juliette-binoche/,https://bodysize.date/wp-content/uploads/2020/05/Juliette-Binoche-Body-Size.jpg,34,25,34,Hourglass
https://bodysize.date/janella-salvador/,https://bodysize.date/wp-content/uploads/2020/05/Janella-Salvador-Body-Size.jpg,32,25,34,Pear or triangle
https://bodysize.date/son-ye-jin/,https://bodysize.date/wp-content/uploads/2020/05/Son-Ye-jin-Body-Size.jpg,32,24,33,Hourglass
https://bodysize.date/ella-knox-2/,https://bodysize.date/wp-content/uploads/2020/01/Ella-Knox-Body-Size.jpg,34,27,36,Pear or triangle
https://bodysize.date/lisa-kudrow/,https://bodysize.date/wp-content/uploads/2020/05/Lisa-Kudrow-Body-Size.jpg,36,26,35,Hourglass
https://bodysize.date/kyra-sedgwick/,https://bodysize.date/wp-content/uploads/2020/05/Kyra-Sedgwick-Body-Size.jpg,35,25,35,Hourglass
https://bodysize.date/dannii-minogue/,https://bodysize.date/wp-content/uploads/2020/05/Dannii-Minogue-Body-Size.jpg,35,25,34,Hourglass
https://bodysize.date/taryn-manning/,https://bodysize.date/wp-content/uploads/2020/05/Taryn-Manning-Body-Size.jpg,34,25,33,Rectangle
https://bodysize.date/nancy-mckeon/,https://bodysize.date/wp-content/uploads/2020/05/Nancy-McKeon-Body-Size.jpg,34,27,36,Pear or triangle
https://bodysize.date/arij-fatyma/,https://bodysize.date/wp-content/uploads/2020/05/Arij-Fatyma-Body-Size.jpg,34,26,35,Rectangle
https://bodysize.date/patricia-heaton/,https://bodysize.date/wp-content/uploads/2020/05/Patricia-Heaton-Body-Size.jpg,37,28,35,Inverted triangle
https://bodysize.date/evan-rachel-wood/,https://bodysize.date/wp-content/uploads/2020/05/Evan-Rachel-Wood-Body-Size.jpg,34,26,34,Rectangle
https://bodysize.date/surveen-chawla/,https://bodysize.date/wp-content/uploads/2020/05/Surveen-Chawla-Body-Size.jpg,34,26,35,Rectangle
https://bodysize.date/leelee-sobieski/,https://bodysize.date/wp-content/uploads/2020/05/Leelee-Sobieski-Body-Size.jpg,35,25,35,Hourglass
https://bodysize.date/halston-sage/,https://bodysize.date/wp-content/uploads/2020/05/Halston-Sage-Body-Size.jpg,35,24,34,Hourglass
https://bodysize.date/shweta-tiwari/,https://bodysize.date/wp-content/uploads/2020/05/Shweta-Tiwari-Body-Size.jpg,34,25,34,Hourglass
https://bodysize.date/tiffani-thiessen/,https://bodysize.date/wp-content/uploads/2020/05/Tiffani-Thiessen-Body-Size.jpg,36,26,35,Hourglass
https://bodysize.date/rita-wilson/,https://bodysize.date/wp-content/uploads/2020/05/Rita-Wilson-Body-Size.jpg,34,26,35.5,Rectangle
https://bodysize.date/meera-chopra/,https://bodysize.date/wp-content/uploads/2020/05/Meera-Chopra-Body-Size.jpg,34,26,34,Rectangle
https://bodysize.date/mary-steenburgen/,https://bodysize.date/wp-content/uploads/2020/05/Mary-Steenburgen-Body-Size.jpg,36,25,36,Hourglass
https://bodysize.date/deeksha-seth/,https://bodysize.date/wp-content/uploads/2020/05/Deeksha-Seth-Body-Size.jpg,34,26,35.5,Rectangle
https://bodysize.date/samskruthy-shenoy/,https://bodysize.date/wp-content/uploads/2020/02/Samskruthy-Shenoy-Body-Size.jpg,33,25,34,Rectangle
https://bodysize.date/anna-paquin/,https://bodysize.date/wp-content/uploads/2020/05/Anna-Paquin-Body-Size.jpg,37,27,36,Hourglass
https://bodysize.date/poonam-bajwa/,https://bodysize.date/wp-content/uploads/2020/05/Poonam-Bajwa-Body-Size.jpg,34,26,35.5,Rectangle
https://bodysize.date/elsa-jean/,https://bodysize.date/wp-content/uploads/2020/05/Elsa-Jean-Body-Size.jpg,32,24,32,Hourglass
https://bodysize.date/amrita-puri/,https://bodysize.date/wp-content/uploads/2020/05/Amrita-Puri-Body-Size.jpg,34,26,34,Rectangle
https://bodysize.date/alyson-hannigan/,https://bodysize.date/wp-content/uploads/2020/05/Alyson-Hannigan-Body-Size.jpg,34,23,34,Hourglass
https://bodysize.date/amanda-swisten/,https://bodysize.date/wp-content/uploads/2020/05/Amanda-Swisten-Body-Size.jpg,34,23,34,Hourglass
https://bodysize.date/nasim-pedrad/,https://bodysize.date/wp-content/uploads/2020/05/Nasim-Pedrad-Body-Size.jpg,33,25,34,Rectangle
https://bodysize.date/katee-sackhoff/,https://bodysize.date/wp-content/uploads/2020/05/Katee-Sackhoff-Body-Size.jpg,36,26,35,Hourglass
https://bodysize.date/sasheer-zamata/,https://bodysize.date/wp-content/uploads/2020/05/Sasheer-Zamata-Body-Size.jpg,35,27,36,Rectangle
https://bodysize.date/kristin-chenoweth/,https://bodysize.date/wp-content/uploads/2020/05/Kristin-Chenoweth-Body-Size.jpg,35,23,34,Hourglass
https://bodysize.date/marley-shelton/,https://bodysize.date/wp-content/uploads/2020/05/Marley-Shelton-Body-Size.jpg,34,23,33,Hourglass
https://bodysize.date/brianna-hildebrand/,https://bodysize.date/wp-content/uploads/2020/05/Brianna-Hildebrand-Body-Size.jpg,32,24,33,Hourglass
https://bodysize.date/mariska-hargitay/,https://bodysize.date/wp-content/uploads/2020/05/Mariska-Hargitay-Body-Size.jpg,37,27,36,Hourglass
https://bodysize.date/kelli-giddish/,https://bodysize.date/wp-content/uploads/2020/05/Kelli-Giddish-Body-Size.jpg,35,24,35,Hourglass
https://bodysize.date/cynthia-nixon/,https://bodysize.date/wp-content/uploads/2020/05/Cynthia-Nixon-Body-Size.jpg,32,24,35,Pear or triangle
https://bodysize.date/jenna-fischer/,https://bodysize.date/wp-content/uploads/2020/05/Jenna-Fischer-Body-Size.jpg,35,26,35,Hourglass
https://bodysize.date/aisha-tyler/,https://bodysize.date/wp-content/uploads/2020/05/Aisha-Tyler-Body-Size.jpg,37,26,37,Hourglass
https://bodysize.date/karrine-steffans-2/,https://bodysize.date/wp-content/uploads/2019/12/Karrine-Steffans.jpg,37,27,36,Hourglass
https://bodysize.date/radhika-apte/,https://bodysize.date/wp-content/uploads/2020/05/Radhika-Apte-Body-Size.jpg,34,26,35,Rectangle
https://bodysize.date/krista-white/,https://bodysize.date/wp-content/uploads/2019/12/Krista-White.jpg,32,24,35,Pear or triangle
https://bodysize.date/meryl-streep/,https://bodysize.date/wp-content/uploads/2020/05/Meryl-Streep-Body-Size.jpg,38,30,39,Rectangle
https://bodysize.date/kushboo/,https://bodysize.date/wp-content/uploads/2020/05/Kushboo-Body-Size.jpg,37,29,38,Rectangle
https://bodysize.date/sarah-steele/,https://bodysize.date/wp-content/uploads/2020/05/Sarah-Steele-Body-Size.jpg,33,25,34,Rectangle
https://bodysize.date/heba-nour/,https://bodysize.date/wp-content/uploads/2020/05/Heba-Nour-Body-Size.jpg,34,26,35,Rectangle
https://bodysize.date/rii-sen/,https://bodysize.date/wp-content/uploads/2020/05/Rii-Sen-Body-Size.jpg,35,25,35,Hourglass
https://bodysize.date/sophie-turner/,https://bodysize.date/wp-content/uploads/2020/01/Sophie-Turner-Body-Size.jpg,34,24,34,Hourglass
https://bodysize.date/kathleen-robertson/,https://bodysize.date/wp-content/uploads/2020/05/Kathleen-Robertson-Body-Size.jpg,38,28,36,Inverted triangle
https://bodysize.date/mira-sorvino/,https://bodysize.date/wp-content/uploads/2020/05/Mira-Sorvino-Body-Size.jpg,37,26,36,Hourglass
https://bodysize.date/ali-wong/,https://bodysize.date/wp-content/uploads/2020/05/Ali-Wong-Body-Size.jpg,34,26,35,Rectangle
https://bodysize.date/naya-rivera/,https://bodysize.date/wp-content/uploads/2020/05/Naya-Rivera-Body-Size.jpg,35,25,34,Hourglass
https://bodysize.date/natalie-hall/,https://bodysize.date/wp-content/uploads/2020/05/Natalie-Hall-Body-Size.jpg,34,25,34,Hourglass
https://bodysize.date/katrina-jade/,https://bodysize.date/wp-content/uploads/2020/05/Katrina-Jade-Body-Size.jpg,30,24,34,Pear or triangle
https://bodysize.date/courteney-cox/,https://bodysize.date/wp-content/uploads/2020/05/Courteney-Cox-Body-Size.jpg,35,24,34,Hourglass
https://bodysize.date/cristine-prosperi/,https://bodysize.date/wp-content/uploads/2020/05/Cristine-Prosperi-Body-Size.jpg,33,23,32,Hourglass
https://bodysize.date/lea-thompson/,https://bodysize.date/wp-content/uploads/2020/05/Lea-Thompson-Body-Size.jpg,34,26,34,Rectangle
https://bodysize.date/ahna-capri/,https://bodysize.date/wp-content/uploads/2020/05/Ahna-Capri-Body-Size.jpg,39,27,38,Hourglass
https://bodysize.date/gabrielle-union/,https://bodysize.date/wp-content/uploads/2020/05/Gabrielle-Union-Body-Size.jpg,36,24,36,Hourglass
https://bodysize.date/sue-ramirez/,https://bodysize.date/wp-content/uploads/2020/05/Sue-Ramirez-Body-Size.jpg,33,25,34,Rectangle
https://bodysize.date/meghan-markle/,https://bodysize.date/wp-content/uploads/2020/01/Meghan-Markle-Body-Size.jpg,37,25,34,Inverted triangle
https://bodysize.date/geena-davis/,https://bodysize.date/wp-content/uploads/2020/04/Geena-Davis-Body-Size.jpg,38,27,38,Hourglass
https://bodysize.date/roma-downey/,https://bodysize.date/wp-content/uploads/2020/04/Roma-Downey-Body-Size.jpg,38,27,38,Hourglass
https://bodysize.date/adriana-chechik/,https://bodysize.date/wp-content/uploads/2020/04/Adriana-Chechik-Body-Size.jpg,32,24,33,Hourglass
https://bodysize.date/leah-gotti/,https://bodysize.date/wp-content/uploads/2020/04/Leah-Gotti-Body-Size.jpg,34,22,32,Inverted triangle
https://bodysize.date/tasie-lawrence/,https://bodysize.date/wp-content/uploads/2020/04/Tasie-Lawrence-Body-Size.jpg,33,25,34,Rectangle
https://bodysize.date/marie-avgeropoulos/,https://bodysize.date/wp-content/uploads/2020/04/Marie-Avgeropoulos-Body-Size.jpg,35,25,33,Inverted triangle
https://bodysize.date/julia-barretto/,https://bodysize.date/wp-content/uploads/2020/04/Julia-Barretto-Body-Size.jpg,33,23,33,Hourglass
https://bodysize.date/joyce-dewitt/,https://bodysize.date/wp-content/uploads/2020/04/Joyce-DeWitt-Body-Size.jpg,34,24,34,Hourglass
https://bodysize.date/keira-nicole/,https://bodysize.date/wp-content/uploads/2020/04/Keira-Nicole-Body-Size.jpg,34,27,36,Pear or triangle
https://bodysize.date/urvashi-dholakia/,https://bodysize.date/wp-content/uploads/2020/04/Urvashi-Dholakia-Body-Size.jpg,37,29,38,Rectangle
https://bodysize.date/emma-samms/,https://bodysize.date/wp-content/uploads/2020/04/Emma-Samms-Body-Size.jpg,39,28,39,Hourglass
https://bodysize.date/jessy-mendiola/,https://bodysize.date/wp-content/uploads/2020/04/Jessy-Mendiola-Body-Size.jpg,34,25,34,Hourglass
https://bodysize.date/aanchal-sharma/,https://bodysize.date/wp-content/uploads/2020/04/Aanchal-Sharma-Body-Size.jpg,33,23,33,Hourglass
https://bodysize.date/sidra-batool/,https://bodysize.date/wp-content/uploads/2020/04/Sidra-Batool-Body-Size.jpg,34,25,34,Hourglass
https://bodysize.date/jessica-szohr/,https://bodysize.date/wp-content/uploads/2020/04/Jessica-Szohr-Body-Size.jpg,35,25,34,Hourglass
https://bodysize.date/sara-foster/,https://bodysize.date/wp-content/uploads/2020/04/Sara-Foster-Body-Size.jpg,34,24,34,Hourglass
https://bodysize.date/sophia-leone/,https://bodysize.date/wp-content/uploads/2020/04/Sophia-Leone-Body-Size.jpg,36,24,34,Inverted triangle
https://bodysize.date/lucy-hale/,https://bodysize.date/wp-content/uploads/2020/04/Lucy-Hale-Body-Size.jpg,34,24,33,Hourglass
https://bodysize.date/sofia-hublitz/,https://bodysize.date/wp-content/uploads/2020/04/Sofia-Hublitz-Body-Size.jpg,32,25,34,Pear or triangle
https://bodysize.date/miho-nakayama/,https://bodysize.date/wp-content/uploads/2020/04/Miho-Nakayama-Body-Size.jpg,33,23,33,Hourglass
https://bodysize.date/eliza-dushku/,https://bodysize.date/wp-content/uploads/2020/04/Eliza-Dushku-Body-Size.jpg,35,24,34,Hourglass
https://bodysize.date/momoe-yamaguchi/,https://bodysize.date/wp-content/uploads/2020/04/Momoe-Yamaguchi-Body-Size.jpg,33,23,33,Hourglass
https://bodysize.date/maureen-ohara/,https://bodysize.date/wp-content/uploads/2020/04/Maureen-O’Hara-Body-Size.jpg,37,25,36,Hourglass
https://bodysize.date/morgan-griffin/,https://bodysize.date/wp-content/uploads/2020/04/Morgan-Griffin-Body-Size.jpg,33,25,34,Rectangle
https://bodysize.date/simone-kessell/,https://bodysize.date/wp-content/uploads/2020/04/Simone-Kessell-Body-Size.jpg,34,25,34,Hourglass
https://bodysize.date/morena-baccarin/,https://bodysize.date/wp-content/uploads/2020/04/Morena-Baccarin-Body-Size.jpg,34,24,37,Pear or triangle
https://bodysize.date/katelyn-tarver/,https://bodysize.date/wp-content/uploads/2020/04/Katelyn-Tarver-Body-Size.jpg,34,25,34,Hourglass
https://bodysize.date/zoe-boyle/,https://bodysize.date/wp-content/uploads/2020/04/Zoe-Boyle-Body-Size.jpg,34,26,35,Rectangle
https://bodysize.date/laura-carmichael/,https://bodysize.date/wp-content/uploads/2020/04/Laura-Carmichael-Body-Size.jpg,34,26,34,Rectangle
https://bodysize.date/maguy-bou-ghosn/,https://bodysize.date/wp-content/uploads/2020/04/Maguy-Bou-Ghosn-Body-Size.jpg,35,27,36,Rectangle
https://bodysize.date/alex-meneses/,https://bodysize.date/wp-content/uploads/2020/04/Alex-Meneses-Body-Size.jpg,35,25,35,Hourglass
https://bodysize.date/amy-seimetz/,https://bodysize.date/wp-content/uploads/2020/04/Amy-Seimetz-Body-Size.jpg,34,25,34,Hourglass
https://bodysize.date/dima-kandalaft/,https://bodysize.date/wp-content/uploads/2020/04/Dima-Kandalaft-Body-Size.jpg,34,26,35,Rectangle
https://bodysize.date/sarah-hyland/,https://bodysize.date/wp-content/uploads/2020/04/Sarah-Hyland-Body-Size.jpg,34,24,34,Hourglass
https://bodysize.date/marissa-neitling/,https://bodysize.date/wp-content/uploads/2020/04/Marissa-Neitling-Body-Size.jpg,34,25,34,Hourglass
https://bodysize.date/catalina-sandino-moreno/,https://bodysize.date/wp-content/uploads/2020/04/Catalina-Sandino-Moreno.jpg,34,26,35,Rectangle
https://bodysize.date/ashleigh-brewer/,https://bodysize.date/wp-content/uploads/2020/04/Ashleigh-Brewer-Body-Size.jpg,33,25,34,Rectangle
https://bodysize.date/menna-shalabi/,https://bodysize.date/wp-content/uploads/2020/04/Menna-Shalabi-Body-Size.jpg,35,27,36,Rectangle
https://bodysize.date/lusia-strus/,https://bodysize.date/wp-content/uploads/2020/04/Lusia-Strus-Body-Size.jpg,34,25,34,Hourglass
https://bodysize.date/traci-lords/,https://bodysize.date/wp-content/uploads/2020/04/Traci-Lords-Body-Size.jpg,38,23,34,Inverted triangle
https://bodysize.date/claire-foy/,https://bodysize.date/wp-content/uploads/2020/04/Claire-Foy-Body-Size.jpg,35,24,35,Hourglass
https://bodysize.date/rachel-watson/,https://bodysize.date/wp-content/uploads/2020/04/Rachel-Watson-Body-Size.jpg,33,25,34,Rectangle
https://bodysize.date/freya-mavor/,https://bodysize.date/wp-content/uploads/2020/04/Freya-Mavor-Body-Size.jpg,35,24,34,Hourglass
https://bodysize.date/maya-kazan/,https://bodysize.date/wp-content/uploads/2020/04/Maya-Kazan-Body-Size.jpg,34,25,34,Hourglass
https://bodysize.date/ainy-jaffri/,https://bodysize.date/wp-content/uploads/2020/04/Ainy-Jaffri-Body-Size.jpg,34,25,34,Hourglass
https://bodysize.date/vina-morales/,https://bodysize.date/wp-content/uploads/2020/04/Vina-Morales-Body-Size.jpg,34,24,34,Hourglass
https://bodysize.date/jenny-slate/,https://bodysize.date/wp-content/uploads/2020/04/Jenny-Slate-Body-Size.jpg,34,24,34,Hourglass
https://bodysize.date/claudia-karvan/,https://bodysize.date/wp-content/uploads/2020/04/Claudia-Karvan-Body-Size.jpg,33,25,34,Rectangle
https://bodysize.date/kirsten-dunst/,https://bodysize.date/wp-content/uploads/2020/04/Kirsten-Dunst-Body-Size.jpg,35,24,35,Hourglass
https://bodysize.date/carmen-ejogo/,https://bodysize.date/wp-content/uploads/2020/04/Carmen-Ejogo-Body-Size.jpg,35,25,35,Hourglass
https://bodysize.date/greer-grammer/,https://bodysize.date/wp-content/uploads/2020/04/Greer-Grammer-Body-Size.jpg,35,24,34,Hourglass
https://bodysize.date/jessy-schram/,https://bodysize.date/wp-content/uploads/2020/04/Jessy-Schram-Body-Size.jpg,34,24,34,Hourglass
https://bodysize.date/renee-oconnor/,https://bodysize.date/wp-content/uploads/2020/04/Renee-O’Connor-Body-Size.jpg,34,25,33,Rectangle
https://bodysize.date/adrienne-wilkinson/,https://bodysize.date/wp-content/uploads/2020/04/Adrienne-Wilkinson-Body-Size.jpg,34,26,35,Rectangle
https://bodysize.date/jennifer-sky/,https://bodysize.date/wp-content/uploads/2020/02/Jennifer-Sky-Body-Size.jpg,33,25,34,Rectangle
https://bodysize.date/hudson-leick/,https://bodysize.date/wp-content/uploads/2020/04/Hudson-Leick-Body-Size.jpg,36,24,35,Hourglass
https://bodysize.date/victoria-pratt/,https://bodysize.date/wp-content/uploads/2020/04/Victoria-Pratt-Body-Size.jpg,36,25,35,Hourglass
https://bodysize.date/jennette-mccurdy/,https://bodysize.date/wp-content/uploads/2020/04/Jennette-Mccurdy-Body-Size.jpg,35,26,34,Rectangle
https://bodysize.date/jenna-ortega/,https://bodysize.date/wp-content/uploads/2020/03/Jenna-Ortega-Body-Size.jpg,32,23,31,Hourglass
https://bodysize.date/ronni-hawk/,https://bodysize.date/wp-content/uploads/2020/03/Ronni-Hawk-Body-Size.jpg,34,24,34,Hourglass
https://bodysize.date/ashley-rickards/,https://bodysize.date/wp-content/uploads/2020/03/Ashley-Rickards-Body-Size.jpg,34,24,34,Hourglass
https://bodysize.date/kayla-maisonet/,https://bodysize.date/wp-content/uploads/2020/03/Kayla-Maisonet-Body-Size.jpg,30,25,32,Pear or triangle
https://bodysize.date/andrea-navedo/,https://bodysize.date/wp-content/uploads/2020/03/Andrea-Navedo-Body-Size.jpg,38,28,37,Rectangle
https://bodysize.date/jennylyn-mercado/,https://bodysize.date/wp-content/uploads/2020/03/Jennylyn-Mercado-Body-Size.jpg,34,25,34,Hourglass
https://bodysize.date/luisana-lopilato/,https://bodysize.date/wp-content/uploads/2020/03/Luisana-Lopilato-Body-Size.jpg,35,23,35,Hourglass
https://bodysize.date/jama-williamson/,https://bodysize.date/wp-content/uploads/2020/03/Jama-Williamson-Body-Size.jpg,32,25,34,Pear or triangle
https://bodysize.date/amber-montana/,https://bodysize.date/wp-content/uploads/2020/03/Amber-Montana-Body-Size.jpg,34,25,34,Hourglass
https://bodysize.date/alison-wright/,https://bodysize.date/wp-content/uploads/2020/03/Alison-Wright-Body-Size.jpg,34,26,34,Rectangle
https://bodysize.date/nora-arnezeder/,https://bodysize.date/wp-content/uploads/2020/03/Nora-Arnezeder-Body-Size.jpg,35,25,34,Hourglass
https://bodysize.date/madeline-carroll/,https://bodysize.date/wp-content/uploads/2020/03/Madeline-Carroll-Body-Size.jpg,32,25,33,Rectangle
https://bodysize.date/andrea-brooks/,https://bodysize.date/wp-content/uploads/2020/03/Andrea-Brooks-Body-Size.jpg,33,25,34,Rectangle
https://bodysize.date/emily-tennant/,https://bodysize.date/wp-content/uploads/2020/03/Emily-Tennant-Body-Size.jpg,32,24,33,Hourglass
https://bodysize.date/ona-grauer/,https://bodysize.date/wp-content/uploads/2020/03/Ona-Grauer-Body-Size-1.jpg,34,23,33,Hourglass
https://bodysize.date/elyse-levesque/,https://bodysize.date/wp-content/uploads/2020/03/Elyse-Levesque-Body-Size.jpg,32,24,33,Hourglass
https://bodysize.date/danielle-campbell/,https://bodysize.date/wp-content/uploads/2020/03/Danielle-Campbell-Body-Size.jpg,35,25,34,Hourglass
https://bodysize.date/maisie-williams/,https://bodysize.date/wp-content/uploads/2020/03/Maisie-Williams-Body-Size.jpg,35,25,35,Hourglass
https://bodysize.date/claire-goose/,https://bodysize.date/wp-content/uploads/2020/03/Claire-Goose-Body-Size.jpg,34,25,34,Hourglass
https://bodysize.date/jade-pettyjohn/,https://bodysize.date/wp-content/uploads/2020/03/Jade-Pettyjohn-Body-Size.jpg,32,24,33,Hourglass
https://bodysize.date/leah-pipes/,https://bodysize.date/wp-content/uploads/2020/03/Leah-Pipes-Body-Size.jpg,35,25,35,Hourglass
https://bodysize.date/isabela-moner/,https://bodysize.date/wp-content/uploads/2020/03/Isabela-Moner-Body-Size.jpg,36,27,35,Rectangle
https://bodysize.date/cassidy-klein/,https://bodysize.date/wp-content/uploads/2020/03/Cassidy-Klein-Body-Size.jpg,32,24,32.81,Hourglass
https://bodysize.date/aneri-vajani/,https://bodysize.date/wp-content/uploads/2020/03/Aneri-Vajani-Body-Size.jpg,33,24,33,Hourglass
https://bodysize.date/catherine-tate/,https://bodysize.date/wp-content/uploads/2020/03/Catherine-Tate-Body-Size.jpg,41,28,39,Inverted triangle
https://bodysize.date/angela-sarafyan/,https://bodysize.date/wp-content/uploads/2020/03/Angela-Sarafyan-Body-Size.jpg,35,24,34,Hourglass
https://bodysize.date/emma-caulfield/,https://bodysize.date/wp-content/uploads/2020/03/Emma-Caulfield-Body-Size.jpg,36,24,35,Hourglass
https://bodysize.date/nisha-nagpal/,https://bodysize.date/wp-content/uploads/2020/03/Nisha-Nagpal-Body-Size.jpg,34,25,34,Hourglass
https://bodysize.date/greta-gerwig/,https://bodysize.date/wp-content/uploads/2020/03/Greta-Gerwig-Body-Size.jpg,34,26,35,Rectangle
https://bodysize.date/surbhi-jyoti/,https://bodysize.date/wp-content/uploads/2020/03/Surbhi-Jyoti-Body-Size.jpg,34,25,34,Hourglass
https://bodysize.date/yoko-minamino/,https://bodysize.date/wp-content/uploads/2020/03/Yoko-Minamino-Body-Size.jpg,32,24,33,Hourglass
https://bodysize.date/heather-graham/,https://bodysize.date/wp-content/uploads/2020/03/Heather-Graham-Body-Size.jpg,37,25,35,Inverted triangle
https://bodysize.date/alicia-witt/,https://bodysize.date/wp-content/uploads/2020/03/Alicia-Witt-Body-Size.jpg,35,24,35,Hourglass
https://bodysize.date/edwige-fenech/,https://bodysize.date/wp-content/uploads/2020/03/Edwige-Fenech-Body-Size.jpg,34,24,34,Hourglass
https://bodysize.date/ketki-kadam/,https://bodysize.date/wp-content/uploads/2020/03/Ketki-Kadam-Body-Size.jpg,32,24,33,Hourglass
https://bodysize.date/lucy-boynton/,https://bodysize.date/wp-content/uploads/2020/03/Lucy-Boynton-Body-Size.jpg,34,24,34,Hourglass
https://bodysize.date/dakota-skye/,https://bodysize.date/wp-content/uploads/2020/03/Dakota-Skye-Body-Size.jpg,32,24,33,Hourglass
https://bodysize.date/perdita-weeks/,https://bodysize.date/wp-content/uploads/2020/03/Perdita-Weeks-Body-Size.jpg,34,23.5,34,Hourglass
https://bodysize.date/sarah-jeffery/,https://bodysize.date/wp-content/uploads/2020/03/Sarah-Jeffery-Body-Size.jpg,35,23.5,35,Hourglass
https://bodysize.date/megan-rain/,https://bodysize.date/wp-content/uploads/2020/03/Megan-Rain-Body-Size.jpg,32,27,35,Pear or triangle
https://bodysize.date/tanya-roberts/,https://bodysize.date/wp-content/uploads/2020/03/Tanya-Roberts-Body-Size.jpg,37,24,35,Inverted triangle
https://bodysize.date/kristen-johnston/,https://bodysize.date/wp-content/uploads/2020/03/Kristen-Johnston-Body-Size.jpg,36,25,34,Inverted triangle
https://bodysize.date/julie-berman/,https://bodysize.date/wp-content/uploads/2020/03/Julie-Berman-Body-Size.jpg,32,24,33,Hourglass
https://bodysize.date/saboor-ali/,https://bodysize.date/wp-content/uploads/2020/03/Saboor-Ali-Body-Size.jpg,34,25,34,Hourglass
https://bodysize.date/momoko-kikuchi/,https://bodysize.date/wp-content/uploads/2020/03/Momoko-Kikuchi-Body-Size.jpg,31,23,32,Hourglass
https://bodysize.date/saman-ansari/,https://bodysize.date/wp-content/uploads/2020/03/Saman-Ansari-Body-Size.jpg,35,27,36,Rectangle
https://bodysize.date/constance-wu/,https://bodysize.date/wp-content/uploads/2020/03/Constance-Wu-Body-Size.jpg,35,24,35,Hourglass
https://bodysize.date/hina-dilpazeer/,https://bodysize.date/wp-content/uploads/2020/03/Hina-Dilpazeer-Body-Size.jpg,37,27,36,Hourglass
https://bodysize.date/perola-faria/,https://bodysize.date/wp-content/uploads/2020/03/Pérola-Faria-Body-Size.jpg,34,24,33,Hourglass
https://bodysize.date/judy-greer/,https://bodysize.date/wp-content/uploads/2020/03/Judy-Greer-Body-Size.jpg,34,25,34,Hourglass
https://bodysize.date/sanam-chaudhry/,https://bodysize.date/wp-content/uploads/2020/03/Sanam-Chaudhry-Body-Size.jpg,34,25,34,Hourglass
https://bodysize.date/olivia-taylor-dudley/,https://bodysize.date/wp-content/uploads/2020/03/Olivia-Taylor-Dudley-Body-Size.jpg,38,26,36,Inverted triangle
https://bodysize.date/jennifer-saunders/,https://bodysize.date/wp-content/uploads/2020/03/Jennifer-Saunders-Body-Size.jpg,35,27,36,Rectangle
https://bodysize.date/naoko-kawai/,https://bodysize.date/wp-content/uploads/2020/03/Naoko-Kawai-Body-Size.jpg,32,24,33,Hourglass
https://bodysize.date/maria-grazia-cucinotta/,https://bodysize.date/wp-content/uploads/2020/03/Maria-Grazia-Cucinotta-Body-Size.jpg,39,25.5,35.5,Inverted triangle
https://bodysize.date/jane-horrocks/,https://bodysize.date/wp-content/uploads/2020/03/Jane-Horrocks-Body-Size.jpg,32,24,33,Hourglass
https://bodysize.date/lizabeth-scott/,https://bodysize.date/wp-content/uploads/2020/03/Lizabeth-Scott-Body-Size.jpg,34,24,34,Hourglass
https://bodysize.date/shrenu-parikh/,https://bodysize.date/wp-content/uploads/2020/03/Shrenu-Parikh-Body-Size.jpg,32,26,34,Pear or triangle
https://bodysize.date/cassidy-horn/,https://bodysize.date/wp-content/uploads/2020/03/Cassidy-Horn-Body-Size.jpg,34,25,34,Hourglass
https://bodysize.date/cozi-zuehlsdorff/,https://bodysize.date/wp-content/uploads/2020/03/Cozi-Zuehlsdorff-Body-Size.jpg,33,23,32,Hourglass
https://bodysize.date/yoko-oginome/,https://bodysize.date/wp-content/uploads/2020/03/Yoko-Oginome-Body-Size.jpg,32,24,33,Hourglass
https://bodysize.date/yuki-saito/,https://bodysize.date/wp-content/uploads/2020/03/Yuki-Saito-Body-Size.jpg,32,24,33,Hourglass
https://bodysize.date/anna-faris-2/,https://bodysize.date/wp-content/uploads/2020/03/Anna-Faris-Body-Size.jpg,35,24,34,Hourglass
https://bodysize.date/sadie-calvano/,https://bodysize.date/wp-content/uploads/2020/03/Sadie-Calvano-Body-Size.jpg,36,24,35,Hourglass
https://bodysize.date/michelle-rodriguez/,https://bodysize.date/wp-content/uploads/2020/03/Michelle-Rodriguez-Body-Size.jpg,34,25,34,Hourglass
https://bodysize.date/sonya-walger/,https://bodysize.date/wp-content/uploads/2020/03/Sonya-Walger-Body-Size.jpg,39,27,38,Hourglass
https://bodysize.date/tara-strong/,https://bodysize.date/wp-content/uploads/2020/03/Tara-Strong-Body-Size.jpg,37,25,35,Inverted triangle
https://bodysize.date/cynthia-watros/,https://bodysize.date/wp-content/uploads/2020/03/Cynthia-Watros-Body-Size.jpg,34,23,34,Hourglass
https://bodysize.date/alanna-masterson/,https://bodysize.date/wp-content/uploads/2020/03/Alanna-Masterson-Body-Size.jpg,37,28,37,Rectangle
https://bodysize.date/shilpa-saklani/,https://bodysize.date/wp-content/uploads/2020/03/Shilpa-Saklani-Body-Size.jpg,34,23,34,Hourglass
https://bodysize.date/keisha-grey/,https://bodysize.date/wp-content/uploads/2020/03/Keisha-Grey-Body-Size.jpg,32,25,34,Pear or triangle
https://bodysize.date/iqra-aziz/,https://bodysize.date/wp-content/uploads/2020/03/Iqra-Aziz-Body-Size.jpg,34,28,35,Rectangle
https://bodysize.date/amelia-warner/,https://bodysize.date/wp-content/uploads/2020/03/Amelia-Warner-Body-Size.jpg,35,24,34,Hourglass
https://bodysize.date/angela-bassett/,https://bodysize.date/wp-content/uploads/2020/03/Angela-Bassett-Body-Size.jpg,34,25,37,Pear or triangle
https://bodysize.date/nadia-afgan/,https://bodysize.date/wp-content/uploads/2020/03/Nadia-Afgan-Body-Size.jpg,36,30,38,Pear or triangle
https://bodysize.date/kirsten-zien/,https://bodysize.date/wp-content/uploads/2020/03/Kirsten-Zien-Body-Size-1.jpg,33,25,34,Rectangle
https://bodysize.date/aya-cash/,https://bodysize.date/wp-content/uploads/2020/03/Aya-Cash-Body-Size.jpg,35,24,34,Hourglass
https://bodysize.date/kether-donohue/,https://bodysize.date/wp-content/uploads/2020/03/Kether-Donohue-Body-Size.jpg,38,28,38,Hourglass
https://bodysize.date/claire-danes/,https://bodysize.date/wp-content/uploads/2020/03/Claire-Danes-Body-Size.jpg,34,23,34,Hourglass
https://bodysize.date/kelley-jakle/,https://bodysize.date/wp-content/uploads/2020/03/Kelley-Jakle-Body-Size.jpg,32,24,33,Hourglass
https://bodysize.date/isis-valverde/,https://bodysize.date/wp-content/uploads/2020/03/Isis-Valverde-Body-Size.jpg,32,24,33,Hourglass
https://bodysize.date/tata-werneck/,https://bodysize.date/wp-content/uploads/2020/03/Tata-Werneck-Body-Size.jpg,32,24,33,Hourglass
https://bodysize.date/drew-barrymore/,https://bodysize.date/wp-content/uploads/2020/03/Drew-Barrymore-Body-Size.jpg,37,27,35,Inverted triangle
https://bodysize.date/zeba-bakhtiar/,https://bodysize.date/wp-content/uploads/2020/03/Zeba-Bakhtiar-Body-Size.jpg,34,28,35,Rectangle
https://bodysize.date/amy-jo-johnson/,https://bodysize.date/wp-content/uploads/2020/03/Amy-Jo-Johnson-Body-Size.jpg,34,26,35,Rectangle
https://bodysize.date/shirley-jones/,https://bodysize.date/wp-content/uploads/2020/03/Shirley-Jones-Body-Size.jpg,35,24,35,Hourglass
https://bodysize.date/riley-reid/,https://bodysize.date/wp-content/uploads/2020/03/Riley-Reid-Body-Size.jpg,33,25,36,Pear or triangle
https://bodysize.date/nimra-bucha/,https://bodysize.date/wp-content/uploads/2020/03/Nimra-Bucha-Body-Size.jpg,35,28,36,Rectangle
https://bodysize.date/betsy-landin/,https://bodysize.date/wp-content/uploads/2020/03/Betsy-Landin-Body-Size.jpg,34,26,35,Rectangle
https://bodysize.date/elizabeth-debicki/,https://bodysize.date/wp-content/uploads/2020/03/Elizabeth-Debicki-Body-Size.jpg,37,27,36,Hourglass
https://bodysize.date/annabelle-wallis/,https://bodysize.date/wp-content/uploads/2020/03/Annabelle-Wallis-Body-Size.jpg,36,25,35,Hourglass
https://bodysize.date/doris-day/,https://bodysize.date/wp-content/uploads/2020/03/Doris-Day-Body-Size.jpg,36,25,36,Hourglass
https://bodysize.date/sabreen-hisbani/,https://bodysize.date/wp-content/uploads/2020/03/Sabreen-Hisbani-Body-Size.jpg,35,27,36,Rectangle
https://bodysize.date/jennifer-morrison/,https://bodysize.date/wp-content/uploads/2020/02/Jennifer-Morrison-Body-Size.jpg,34,24,33,Hourglass
https://bodysize.date/imani-hakim/,https://bodysize.date/wp-content/uploads/2020/03/Imani-Hakim-Body-Size.jpg,33,25,34,Rectangle
https://bodysize.date/mischa-barton/,https://bodysize.date/wp-content/uploads/2020/03/Mischa-Barton-Body-Size.jpg,34,25,34,Hourglass
https://bodysize.date/fluvia-lacerda/,https://bodysize.date/wp-content/uploads/2020/03/Fluvia-Lacerda-Body-Size.jpg,43,35,48,Pear or triangle
https://bodysize.date/camila-mendes/,https://bodysize.date/wp-content/uploads/2020/03/Camila-Mendes-Body-Size.jpg,35,25,34,Hourglass
https://bodysize.date/lili-reinhart/,https://bodysize.date/wp-content/uploads/2020/03/Lili-Reinhart-Body-Size.jpg,34,25,33,Rectangle
https://bodysize.date/madchen-amick/,https://bodysize.date/wp-content/uploads/2020/03/Madchen-Amick-Body-Size.jpg,34,27,36,Pear or triangle
https://bodysize.date/lola-glaudini/,https://bodysize.date/wp-content/uploads/2020/03/Lola-Glaudini-Body-Size.jpg,36,25,35,Hourglass
https://bodysize.date/saba-hameed/,https://bodysize.date/wp-content/uploads/2020/03/Saba-Hameed-Body-Size.jpg,36,30,36,Rectangle
https://bodysize.date/lindsey-shaw/,https://bodysize.date/wp-content/uploads/2020/03/Lindsey-Shaw-Body-Size.jpg,34,27,35,Rectangle
https://bodysize.date/ryan-newman/,https://bodysize.date/wp-content/uploads/2020/03/Ryan-Newman-Body-Size.jpg,35,25,34,Hourglass
https://bodysize.date/eva-lovia/,https://bodysize.date/wp-content/uploads/2020/03/Eva-Lovia-Body-Size.jpg,32,25,34,Pear or triangle
https://bodysize.date/alanna-ubach/,https://bodysize.date/wp-content/uploads/2020/03/Alanna-Ubach-Body-Size.jpg,36,24,35,Hourglass
https://bodysize.date/bethany-joy/,https://bodysize.date/wp-content/uploads/2020/03/Bethany-Joy-Body-Size.jpg,35,24,35,Hourglass
https://bodysize.date/barbara-alyn/,https://bodysize.date/wp-content/uploads/2020/03/Barbara-Alyn-Body-Size.jpg,36,24,36,Hourglass
https://bodysize.date/nadine-labaki/,https://bodysize.date/wp-content/uploads/2020/03/Nadine-Labaki-Body-Size.jpg,35,25,35,Hourglass
https://bodysize.date/isabelle-fuhrman/,https://bodysize.date/wp-content/uploads/2020/03/Isabelle-Fuhrman-Body-Size.jpg,33,25,34,Rectangle
https://bodysize.date/lena-paul/,https://bodysize.date/wp-content/uploads/2020/03/Lena-Paul-Body-Size.jpg,32,25,36,Pear or triangle
https://bodysize.date/emily-meade/,https://bodysize.date/wp-content/uploads/2020/03/Emily-Meade-Body-Size.jpg,35,25,35,Hourglass
https://bodysize.date/ariana-marie/,https://bodysize.date/wp-content/uploads/2020/03/Ariana-Marie-Body-Size.jpg,32,28,33,Pear or triangle
https://bodysize.date/carrie-coon/,https://bodysize.date/wp-content/uploads/2020/03/Carrie-Coon-Body-Size.jpg,34,26,35,Rectangle
https://bodysize.date/emily-alyn/,https://bodysize.date/wp-content/uploads/2020/03/Emily-Alyn-Body-Size.jpg,31,24,33,Pear or triangle
https://bodysize.date/vanessa-lengies/,https://bodysize.date/wp-content/uploads/2020/03/Vanessa-Lengies-Body-Size.jpg,32,24,33,Hourglass
https://bodysize.date/rachel-boston/,https://bodysize.date/wp-content/uploads/2020/03/Rachel-Boston-Body-Size.jpg,33,23,33,Hourglass
https://bodysize.date/gail-ogrady/,https://bodysize.date/wp-content/uploads/2020/03/Gail-O’Grady-Body-Size.jpg,34,27,36,Pear or triangle
https://bodysize.date/natalie-alyn-lind/,https://bodysize.date/wp-content/uploads/2020/03/Natalie-Alyn-Lind-Body-Size.jpg,35,24,34,Hourglass
https://bodysize.date/katelyn-nacon/,https://bodysize.date/wp-content/uploads/2020/03/Katelyn-Nacon-Body-Size.jpg,32,24,33,Hourglass
https://bodysize.date/samantha-boscarino/,https://bodysize.date/wp-content/uploads/2020/03/Samantha-Boscarino-Body-Size.jpg,35,26,34,Rectangle
https://bodysize.date/elizabeth-mclaughlin/,https://bodysize.date/wp-content/uploads/2020/03/Elizabeth-McLaughlin-Body-Size.jpg,32,24,33,Hourglass
https://bodysize.date/alona-tal/,https://bodysize.date/wp-content/uploads/2020/03/Alona-Tal-Body-Size.jpg,35,24,35,Hourglass
https://bodysize.date/kristen-gutoskie/,https://bodysize.date/wp-content/uploads/2020/03/Kristen-Gutoskie-Body-Size.jpg,32,24,33,Hourglass
https://bodysize.date/meghan-ory/,https://bodysize.date/wp-content/uploads/2020/03/Meghan-Ory-Body-Size.jpg,35,26,35,Hourglass
https://bodysize.date/mimi-rogers/,https://bodysize.date/wp-content/uploads/2020/03/Mimi-Rogers-Body-Size.jpg,37,27,36,Hourglass
https://bodysize.date/sutton-foster/,https://bodysize.date/wp-content/uploads/2020/03/Sutton-Foster-Body-Size.jpg,36,26,35,Hourglass
https://bodysize.date/kelli-ohara/,https://bodysize.date/wp-content/uploads/2020/03/Kelli-O’Hara-Body-Size.jpg,37,27,36,Hourglass
https://bodysize.date/floriana-lima/,https://bodysize.date/wp-content/uploads/2020/03/Floriana-Lima-Body-Size.jpg,34,24,33,Hourglass
https://bodysize.date/giorgia-whigham/,https://bodysize.date/wp-content/uploads/2020/03/Giorgia-Whigham-Body-Size.jpg,34,26,35,Rectangle
https://bodysize.date/shohreh-aghdashloo/,https://bodysize.date/wp-content/uploads/2020/03/Shohreh-Aghdashloo-Body-Size.jpg,36,26,36,Hourglass
https://bodysize.date/phillipa-soo/,https://bodysize.date/wp-content/uploads/2020/03/Phillipa-Soo-Body-Size.jpg,34,24,33,Hourglass
https://bodysize.date/grace-byers/,https://bodysize.date/wp-content/uploads/2020/03/Grace-Byers-Body-Size.jpg,34,26,35,Rectangle
https://bodysize.date/han-hye-jin/,https://bodysize.date/wp-content/uploads/2020/03/Han-Hye-jin-Body-Size.jpg,32,24,33,Hourglass
https://bodysize.date/hera-hilmar/,https://bodysize.date/wp-content/uploads/2020/03/Hera-Hilmar-Body-Size.jpg,32,24,33,Hourglass
https://bodysize.date/valentina-nappi/,https://bodysize.date/wp-content/uploads/2020/03/Valentina-Nappi-Body-Size.jpg,32,24,33,Hourglass
https://bodysize.date/daniella-monet/,https://bodysize.date/wp-content/uploads/2020/03/Daniella-Monet-Body-Size.jpg,37,25,36,Hourglass
https://bodysize.date/sofia-reyes/,https://bodysize.date/wp-content/uploads/2020/03/Sofia-Reyes-Body-Size.jpg,33,26,35,Pear or triangle
https://bodysize.date/golshifteh-farahani/,https://bodysize.date/wp-content/uploads/2020/03/Golshifteh-Farahani-Body-Size.jpg,34,25,34,Hourglass
https://bodysize.date/kimiko-glenn/,https://bodysize.date/wp-content/uploads/2020/03/Kimiko-Glenn-Body-Size.jpg,33,23,33,Hourglass
https://bodysize.date/emma-kenney/,https://bodysize.date/wp-content/uploads/2020/03/Emma-Kenney-Body-Size.jpg,37,29,38,Rectangle
https://bodysize.date/diane-guerrero/,https://bodysize.date/wp-content/uploads/2020/03/Diane-Guerrero-Body-Size.jpg,35,26,34,Rectangle
https://bodysize.date/roxann-dawson/,https://bodysize.date/wp-content/uploads/2020/03/Roxann-Dawson-Body-Size.jpg,35,26,34,Rectangle
https://bodysize.date/apolonia-lapiedra/,https://bodysize.date/wp-content/uploads/2020/03/Apolonia-Lapiedra-Body-Size.jpg,32,24,33,Hourglass
https://bodysize.date/jessalyn-gilsig/,https://bodysize.date/wp-content/uploads/2020/03/Jessalyn-Gilsig-Body-Size.jpg,34,23,34,Hourglass
https://bodysize.date/morgane-polanski/,https://bodysize.date/wp-content/uploads/2020/03/Morgane-Polanski-Body-Size.jpg,33,25,34,Rectangle
https://bodysize.date/gage-golightly/,https://bodysize.date/wp-content/uploads/2020/03/Gage-Golightly-Body-Size.jpg,35,24,35,Hourglass
https://bodysize.date/zelda-williams/,https://bodysize.date/wp-content/uploads/2020/03/Zelda-Williams-Body-Size.jpg,34,23,34,Hourglass
https://bodysize.date/cariba-heine/,https://bodysize.date/wp-content/uploads/2020/03/Cariba-Heine-Body-Size.jpg,34,26,34,Rectangle
https://bodysize.date/yasmine-al-massri/,https://bodysize.date/wp-content/uploads/2020/03/Yasmine-Al-Massri-Body-Size.jpg,37,26,40,Pear or triangle
https://bodysize.date/marjorie-de-sousa/,https://bodysize.date/wp-content/uploads/2020/03/Marjorie-de-Sousa-Body-Size.jpg,35,23.5,35,Hourglass
https://bodysize.date/amna-ilyas/,https://bodysize.date/wp-content/uploads/2020/03/Amna-Ilyas-Body-Size.jpg,34,25,34,Hourglass
https://bodysize.date/michelle-keegan-2/,https://bodysize.date/wp-content/uploads/2020/03/Michelle-Keegan-Body-Size.jpg,37,23,35,Inverted triangle
https://bodysize.date/carolyn-murphy/,https://bodysize.date/wp-content/uploads/2020/03/Carolyn-Murphy-Body-Size.jpg,34,24,34,Hourglass
https://bodysize.date/anna-jagodzinska/,https://bodysize.date/wp-content/uploads/2020/03/Anna-Jagodzinska-Body-Size.jpg,33,24,35.5,Pear or triangle
https://bodysize.date/cristina-del-basso/,https://bodysize.date/wp-content/uploads/2020/03/Cristina-Del-Basso-Body-Size.jpg,40,23,36,Inverted triangle
https://bodysize.date/jorja-fox/,https://bodysize.date/wp-content/uploads/2020/03/Jorja-Fox-Body-Size.jpg,32,24,33,Hourglass
https://bodysize.date/donna-derrico/,https://bodysize.date/wp-content/uploads/2020/03/Donna-D’Errico-Body-Size.jpg,34,22,34,Hourglass
https://bodysize.date/humaima-malick/,https://bodysize.date/wp-content/uploads/2020/03/Humaima-Malick-Body-Size.jpg,34,27,34,Rectangle
https://bodysize.date/natalia-starr/,https://bodysize.date/wp-content/uploads/2020/03/Natalia-Starr-Body-Size.jpg,34,26,34,Rectangle
https://bodysize.date/hande-soral/,https://bodysize.date/wp-content/uploads/2020/03/Hande-Soral-Body-Size.jpg,32,23.5,33,Hourglass
https://bodysize.date/taylor-spreitler/,https://bodysize.date/wp-content/uploads/2020/03/Taylor-Spreitler-Body.jpg,34,24,34,Hourglass
https://bodysize.date/julia-roca/,https://bodysize.date/wp-content/uploads/2020/03/Julia-Roca-Body-Size.jpg,33,24,33,Hourglass
https://bodysize.date/katherine-langford/,https://bodysize.date/wp-content/uploads/2020/03/Katherine-Langford-Body-Size.jpg,35,27,35,Rectangle
https://bodysize.date/lily-rose-depp/,https://bodysize.date/wp-content/uploads/2020/03/Lily-Rose-Depp-Body-Size-Breast-Waist-Hips-Bra-Height-and-Weight.jpg,31,23,32,Hourglass
https://bodysize.date/samantha-barks/,https://bodysize.date/wp-content/uploads/2020/03/Samantha-Barks-Body-Size.jpg,33,23,32,Hourglass
https://bodysize.date/laura-linney/,https://bodysize.date/wp-content/uploads/2020/03/Laura-Linney-Body-Size.jpg,35,26,34,Rectangle
https://bodysize.date/jenna-elfman/,https://bodysize.date/wp-content/uploads/2020/03/Jenna-Elfman-Body-Size.jpg,34,24,34,Hourglass
https://bodysize.date/antonia-thomas/,https://bodysize.date/wp-content/uploads/2020/03/Antonia-Thomas-Body-Size.jpg,33,24,35.5,Pear or triangle
https://bodysize.date/karla-crome/,https://bodysize.date/wp-content/uploads/2020/03/Karla-Crome-Body-Size.jpg,32,24,33,Hourglass
https://bodysize.date/mine-tugay/,https://bodysize.date/wp-content/uploads/2020/03/Mine-Tugay-Body-Size.jpg,32,24,33,Hourglass
https://bodysize.date/tuvana-turkay/,https://bodysize.date/wp-content/uploads/2020/03/Tuvana-Türkay-Body-Size.jpg,33,24,35.5,Pear or triangle
https://bodysize.date/alexa-tomas/,https://bodysize.date/wp-content/uploads/2020/03/Alexa-Tomas-Body-Size.jpg,32,24,35,Pear or triangle
https://bodysize.date/blair-williams/,https://bodysize.date/wp-content/uploads/2020/03/Blair-Williams-Body-Size.jpg,36,29,38,Pear or triangle
https://bodysize.date/karma-rx/,https://bodysize.date/wp-content/uploads/2020/03/Karma-Rx-Body-Size.jpg,32,24,36,Pear or triangle
https://bodysize.date/taylor-whyte/,https://bodysize.date/wp-content/uploads/2020/03/Taylor-Whyte-Body-Size.jpg,32,25,34,Pear or triangle
https://bodysize.date/gigi-allens/,https://bodysize.date/wp-content/uploads/2020/03/Gigi-Allens-Body-Size.jpg,36,24,36,Hourglass
https://bodysize.date/michelle-ryan/,https://bodysize.date/wp-content/uploads/2020/03/Michelle-Ryan-Body-Size.jpg,36,25,35,Hourglass
https://bodysize.date/alexa-nisenson/,https://bodysize.date/wp-content/uploads/2020/03/Alexa-Nisenson-Body-Size.jpg,28,22,29,Rectangle
https://bodysize.date/alexis-texas/,https://bodysize.date/wp-content/uploads/2020/03/Alexis-Texas-Body-Size.jpg,34,27,40,Pear or triangle
https://bodysize.date/vanessa-paradis/,https://bodysize.date/wp-content/uploads/2020/03/Vanessa-Paradis-Body-Size.jpg,34,25,33,Rectangle
https://bodysize.date/maddisyn-carter/,https://bodysize.date/wp-content/uploads/2020/03/Maddisyn-Carter-Body-Size.jpg,32,24,33,Hourglass
https://bodysize.date/monica-keena/,https://bodysize.date/wp-content/uploads/2020/03/Monica-Keena-Body-Size.jpg,34,23,34,Hourglass
https://bodysize.date/mayrin-villanueva/,https://bodysize.date/wp-content/uploads/2020/03/Mayrin-Villanueva-Body-Size.jpg,36,24,36,Hourglass
https://bodysize.date/alice-barlow/,https://bodysize.date/wp-content/uploads/2020/03/Alice-Barlow-Body-Size.jpg,32,24,33,Hourglass
https://bodysize.date/madison-ivy/,https://bodysize.date/wp-content/uploads/2020/03/Madison-Ivy-Body-Size.jpg,34,24,34,Hourglass
https://bodysize.date/kimberley-nixon/,https://bodysize.date/wp-content/uploads/2020/03/Kimberley-Nixon-Body-Size.jpg,36,29,37,Rectangle
https://bodysize.date/lisa-ann/,https://bodysize.date/wp-content/uploads/2020/03/Lisa-Ann-Body-Size.jpg,38,20,34,Inverted triangle
https://bodysize.date/beth-behrs/,https://bodysize.date/wp-content/uploads/2020/03/Size-Beth-Behrs-Body-Size.jpg,33,25,34,Rectangle
https://bodysize.date/vicki-michelle/,https://bodysize.date/wp-content/uploads/2020/03/Vicki-Michelle-Body-Size.jpg,38,24,36,Inverted triangle
https://bodysize.date/elizabeth-gillies/,https://bodysize.date/wp-content/uploads/2020/03/Elizabeth-Gillies-Body-Size.jpg,36,27,34,Inverted triangle
https://bodysize.date/sara-rue/,https://bodysize.date/wp-content/uploads/2020/03/Sara-Rue-Body-Size.jpg,34,26,35,Rectangle
https://bodysize.date/danna-paola/,https://bodysize.date/wp-content/uploads/2020/03/Danna-Paola-Body-Size-date.jpg,34,23,33,Hourglass
https://bodysize.date/aditi-rao-hydari/,https://bodysize.date/wp-content/uploads/2020/03/Aditi-Rao-Hydari-Body-Size.jpg,35,25,34,Hourglass
https://bodysize.date/edith-gonzalez/,https://bodysize.date/wp-content/uploads/2020/03/Edith-Gonzalez-Body-Size.jpg,36,25,35,Hourglass
https://bodysize.date/madeleine-stowe/,https://bodysize.date/wp-content/uploads/2020/03/Madeleine-Stowe-Body-Size.jpg,34,25,34,Hourglass
https://bodysize.date/ninel-conde/,https://bodysize.date/wp-content/uploads/2020/03/Ninel-Conde-Body-Size.jpg,38,26,37,Hourglass
https://bodysize.date/shanudrie-priyasad/,https://bodysize.date/wp-content/uploads/2020/03/Shanudrie-Priyasad-Body-Size.jpg,33,27,35,Pear or triangle
https://bodysize.date/kriti-kharbanda/,https://bodysize.date/wp-content/uploads/2020/03/Kriti-Kharbanda-Body-Size.jpg,34,26,34,Rectangle
https://bodysize.date/paula-patton/,https://bodysize.date/wp-content/uploads/2020/03/Paula-Patton-Body-Size.jpg,37,27,36,Hourglass
https://bodysize.date/amanda-steele/,https://bodysize.date/wp-content/uploads/2020/03/Amanda-Steele-Body-Size.jpg,33,22,32,Hourglass
https://bodysize.date/ruth-kearney/,https://bodysize.date/wp-content/uploads/2020/03/Ruth-Kearney-Body-Size-1.jpg,33,24,32,Hourglass
https://bodysize.date/sheryl-crow/,https://bodysize.date/wp-content/uploads/2020/03/Sheryl-Crow-Body-Size.jpg,31,24,32,Rectangle
https://bodysize.date/eliza-taylor/,https://bodysize.date/wp-content/uploads/2020/03/Eliza-Taylor-Body-Size.jpg,38,27,35,Inverted triangle
https://bodysize.date/alex-mae/,https://bodysize.date/wp-content/uploads/2020/03/Alex-Mae-Body-Size.jpg,34,23,33,Hourglass
https://bodysize.date/natalie-portman-2/,https://bodysize.date/wp-content/uploads/2020/03/Ruth-Kearney-Body-Size.jpg,33,24,32,Hourglass
https://bodysize.date/olivia-holt/,https://bodysize.date/wp-content/uploads/2020/03/Olivia-Holt-Body-Size.jpg,33,23,32,Hourglass
https://bodysize.date/louisa-connolly-burnham/,https://bodysize.date/wp-content/uploads/2020/03/Louisa-Connolly-Burnham-Body-Size.jpg,33,23,32,Hourglass
https://bodysize.date/jennifer-biddall/,https://bodysize.date/wp-content/uploads/2020/03/Jennifer-Biddall-Body-Size.jpg,32,25,35,Pear or triangle
https://bodysize.date/elize-du-toit/,https://bodysize.date/wp-content/uploads/2020/03/Elize-du-Toit-Body-Size.jpg,34,26,35,Rectangle
https://bodysize.date/hedy-lamarr/,https://bodysize.date/wp-content/uploads/2020/03/Hedy-Lamarr-Body-Size.jpg,34,27,35,Rectangle
https://bodysize.date/bianca-santos/,https://bodysize.date/wp-content/uploads/2020/03/Bianca-Santos-Body-Size.jpg,34,24,32,Inverted triangle
https://bodysize.date/sophie-simnett/,https://bodysize.date/wp-content/uploads/2020/03/Sophie-Simnett-Body-Size.jpg,32,24,33,Hourglass
https://bodysize.date/morgan-lee/,https://bodysize.date/wp-content/uploads/2020/03/Morgan-Lee-Body-Size.jpg,32,26,33,Rectangle
https://bodysize.date/ashly-anderson/,https://bodysize.date/wp-content/uploads/2020/03/Ashly-Anderson-Body-Size.jpg,34,24,32,Inverted triangle
https://bodysize.date/jaya-ahsan/,https://bodysize.date/wp-content/uploads/2020/03/Jaya-Ahsan-Body-Size.jpg,34,26,35,Rectangle
https://bodysize.date/kira-noir/,https://bodysize.date/wp-content/uploads/2020/03/Kira-Noir-Body-Size.jpg,32,26,35,Pear or triangle
https://bodysize.date/ella-anderson/,https://bodysize.date/wp-content/uploads/2020/03/Ella-Anderson-Body-Size.jpg,30,23,32,Pear or triangle
https://bodysize.date/cecilia-lion/,https://bodysize.date/wp-content/uploads/2020/03/Cecilia-Lion-Body-Size.jpg,32,28,32,Pear or triangle
https://bodysize.date/lydia-jordan/,https://bodysize.date/wp-content/uploads/2020/03/Lydia-Jordan-Body-Size.jpg,34,24,34,Hourglass
https://bodysize.date/blanchard-ryan/,https://bodysize.date/wp-content/uploads/2020/03/Blanchard-Ryan-Body-Size.jpg,35,24,35,Hourglass
https://bodysize.date/janice-griffith/,https://bodysize.date/wp-content/uploads/2020/03/Janice-Griffith-Body-Size.jpg,32,23,32,Hourglass
https://bodysize.date/lyra-law/,https://bodysize.date/wp-content/uploads/2020/03/Lyra-Law-Body-Size.jpg,34,26,34,Rectangle
https://bodysize.date/renee-elise-goldsberry/,https://bodysize.date/wp-content/uploads/2020/03/Renee-Elise-Goldsberry-Body-Size.jpg,37,26,36,Hourglass
https://bodysize.date/skyla-novea/,https://bodysize.date/wp-content/uploads/2020/03/Skyla-Novea-Body-Size.jpg,34,28,37,Pear or triangle
https://bodysize.date/chanell-heart/,https://bodysize.date/wp-content/uploads/2020/03/Chanell-Heart-Body-Size.jpg,32,24,36,Pear or triangle
https://bodysize.date/lindsay-price/,https://bodysize.date/wp-content/uploads/2020/03/Lindsay-Price-Body-Size.jpg,35,26,34,Rectangle
https://bodysize.date/kate-winslet/,https://bodysize.date/wp-content/uploads/2020/03/Kate-Winslet-Body-Size.jpg,37,26,36,Hourglass
https://bodysize.date/cory-chase/,https://bodysize.date/wp-content/uploads/2020/03/Cory-Chase-Body-Size.jpg,36,25,34,Inverted triangle
https://bodysize.date/aislinn-paul/,https://bodysize.date/wp-content/uploads/2020/03/Aislinn-Paul-Body-Size.jpg,33,26,34,Rectangle
https://bodysize.date/miriam-mcdonald/,https://bodysize.date/wp-content/uploads/2020/03/Miriam-McDonald-Body-Size.jpg,34,26,34,Rectangle
https://bodysize.date/paula-brancati/,https://bodysize.date/wp-content/uploads/2020/02/Paula-Brancati-Body-Size.jpg,34,23,33,Hourglass
https://bodysize.date/olivia-culpo/,https://bodysize.date/wp-content/uploads/2020/02/Olivia-Culpo-Body-Size.jpg,32,25,35,Pear or triangle
https://bodysize.date/julia-ormond/,https://bodysize.date/wp-content/uploads/2020/02/Julia-Ormond-Body-Size.jpg,36,26,35,Hourglass
https://bodysize.date/stacey-farber/,https://bodysize.date/wp-content/uploads/2020/02/Stacey-Farber-Body-Size.jpg,33,24,35.5,Pear or triangle
https://bodysize.date/bridget-moynahan/,https://bodysize.date/wp-content/uploads/2020/02/Bridget-Moynahan-Body-Size.jpg,35,24,35,Hourglass
https://bodysize.date/cobie-smulders/,https://bodysize.date/wp-content/uploads/2020/02/Cobie-Smulders-Body-Size.jpg,34,23,33,Hourglass
https://bodysize.date/bria-myles/,https://bodysize.date/wp-content/uploads/2020/02/Bria-Myles-Body-Size.jpg,34,23,40,Pear or triangle
https://bodysize.date/maju-mantilla/,https://bodysize.date/wp-content/uploads/2020/02/Maju-Mantilla-Body-Size.jpg,35.5,24,35.5,Hourglass
https://bodysize.date/brandy-dahl/,https://bodysize.date/wp-content/uploads/2020/02/Brandy-Dahl-Body-Size.jpg,36,25,36,Hourglass
https://bodysize.date/karen-schwarz/,https://bodysize.date/wp-content/uploads/2020/02/Karen-Schwarz-Body-Size.jpg,37,25,36,Hourglass
https://bodysize.date/ali-landry/,https://bodysize.date/wp-content/uploads/2020/02/Ali-Landry-Body-Size.jpg,36,24,34,Inverted triangle
https://bodysize.date/ana-beatriz-barros/,https://bodysize.date/wp-content/uploads/2020/02/Ana-Beatriz-Barros-Body-Size.jpg,35,24,35,Hourglass
https://bodysize.date/danna-garcia/,https://bodysize.date/wp-content/uploads/2020/02/Danna-Garcia-Body-Size.jpg,34,25,33,Rectangle
https://bodysize.date/christina-mendez/,https://bodysize.date/wp-content/uploads/2020/02/Christina-Mendez-Body-Size.jpg,42,32,46,Pear or triangle
https://bodysize.date/haylynn-cohen/,https://bodysize.date/wp-content/uploads/2020/02/Haylynn-Cohen-Body-Size.jpg,34,23.5,34,Hourglass
https://bodysize.date/allison-mcatee/,https://bodysize.date/wp-content/uploads/2020/02/Allison-McAtee-Body-Size.jpg,33,25,34,Rectangle
https://bodysize.date/barbi-benton/,https://bodysize.date/wp-content/uploads/2020/02/Barbi-Benton-Body-Size.jpg,37,25,37,Hourglass
https://bodysize.date/sandra-kubicka/,https://bodysize.date/wp-content/uploads/2020/02/Sandra-Kubicka-Body-Size.jpg,32,24,35,Pear or triangle
https://bodysize.date/amanda-swafford/,https://bodysize.date/wp-content/uploads/2020/02/Amanda-Swafford-Body-Size.jpg,33,23,33,Hourglass
https://bodysize.date/charo-ronquillo/,https://bodysize.date/wp-content/uploads/2020/02/Charo-Ronquillo-Body-Size.jpg,32,24,35,Pear or triangle
https://bodysize.date/susan-coffey/,https://bodysize.date/wp-content/uploads/2020/02/Susan-Coffey-Body-Size.jpg,32,25,35,Pear or triangle
https://bodysize.date/sara-jean-underwood/,https://bodysize.date/wp-content/uploads/2020/02/Sara-Jean-Underwood-Body-Size.jpg,35,24,34,Hourglass
https://bodysize.date/shannon-james/,https://bodysize.date/wp-content/uploads/2020/02/Shannon-James-Body-Size.jpg,34,23,34,Hourglass
https://bodysize.date/xenia-deli/,https://bodysize.date/wp-content/uploads/2020/02/Xenia-Deli-Body-Size.jpg,34,24,34,Hourglass
https://bodysize.date/sophie-dahl/,https://bodysize.date/wp-content/uploads/2020/02/Sophie-Dahl-Body-Size.jpg,39,27,39,Hourglass
https://bodysize.date/lara-stone/,https://bodysize.date/wp-content/uploads/2020/02/Lara-Stone-Body-Size.jpg,36,24,35,Hourglass
https://bodysize.date/michelle-marsh/,https://bodysize.date/wp-content/uploads/2020/02/Michelle-Marsh-Body-Size.jpg,32,26,32,Rectangle
https://bodysize.date/zuleyka-silver/,https://bodysize.date/wp-content/uploads/2020/02/Zuleyka-Silver-Body-Size.jpg,34,26,38,Pear or triangle
https://bodysize.date/mawra-hocane/,https://bodysize.date/wp-content/uploads/2020/02/Mawra-Hocane-Body-Size.jpg,32,23,32,Hourglass
https://bodysize.date/rima-fakih/,https://bodysize.date/wp-content/uploads/2020/02/Rima-Fakih-Body-Size.jpg,34,25,37,Pear or triangle
https://bodysize.date/karissa-shannon/,https://bodysize.date/wp-content/uploads/2020/02/Karissa-Shannon-Body-Size.jpg,34,26,34,Rectangle
https://bodysize.date/arianny-celeste/,https://bodysize.date/wp-content/uploads/2020/02/Arianny-Celeste-Body-Size.jpg,35,25,34,Hourglass
https://bodysize.date/bobbi-billard/,https://bodysize.date/wp-content/uploads/2020/02/Bobbi-Billard-Body-Size.jpg,36,26,35,Hourglass
https://bodysize.date/shannon-stewart/,https://bodysize.date/wp-content/uploads/2020/02/Shannon-Stewart-Body-Size.jpg,34,24,34,Hourglass
https://bodysize.date/nidhi-subbaiah/,https://bodysize.date/wp-content/uploads/2020/02/Nidhi-Subbaiah-Body-Size.jpg,33,26,34,Rectangle
https://bodysize.date/mugdha-godse/,https://bodysize.date/wp-content/uploads/2020/02/Mugdha-Godse-Body-Size.jpg,34,26,35,Rectangle
https://bodysize.date/kriti-sanon/,https://bodysize.date/wp-content/uploads/2020/02/Kriti-Sanon-Body-Size.jpg,34,26,34,Rectangle
https://bodysize.date/maya-ali/,https://bodysize.date/wp-content/uploads/2020/02/Maya-Ali-Body-Size.jpg,34,26,35,Rectangle
https://bodysize.date/holley-ann-dorrough/,https://bodysize.date/wp-content/uploads/2020/02/Holley-Ann-Dorrough-Body-Size.jpg,34,25,34,Hourglass
https://bodysize.date/valerie-dominguez/,https://bodysize.date/wp-content/uploads/2020/02/Valerie-Domínguez-Body-Size.jpg,36,25,35,Hourglass
https://bodysize.date/lamitta-frangieh/,https://bodysize.date/wp-content/uploads/2020/02/Lamitta-Frangieh-Body-Size.jpg,34,26,35,Rectangle
https://bodysize.date/paola-rey/,https://bodysize.date/wp-content/uploads/2020/02/Paola-Rey-Body-Size.jpg,36,24,35,Hourglass
https://bodysize.date/tess-holliday/,https://bodysize.date/wp-content/uploads/2020/02/Tess-Holliday-Body-Size.jpg,52,49,59,Pear or triangle
https://bodysize.date/holly-peers/,https://bodysize.date/wp-content/uploads/2020/02/Holly-Peers-Body-Size.jpg,36,24,34,Inverted triangle
https://bodysize.date/angelica-bridges/,https://bodysize.date/wp-content/uploads/2020/02/Angelica-Bridges-Body-Size.jpg,36,24,35,Hourglass
https://bodysize.date/ruby-mae/,https://bodysize.date/wp-content/uploads/2020/02/Ruby-Mae-Body-Size.jpg,34,26,34,Rectangle
https://bodysize.date/sara-nuru/,https://bodysize.date/wp-content/uploads/2020/02/Amanda-Carraway-Body-Sara-Nuru-Body-Size.jpg,32,25,36,Pear or triangle
https://bodysize.date/alanna-arrington/,https://bodysize.date/wp-content/uploads/2020/02/Alanna-Arrington-Body-Size.jpg,32,23,34.5,Pear or triangle
https://bodysize.date/alicia-machado/,https://bodysize.date/wp-content/uploads/2020/02/Alicia-Machado-Body-Size.jpg,36,26,36,Hourglass
https://bodysize.date/rosa-mendes/,https://bodysize.date/wp-content/uploads/2020/02/Rosa-Mendes-Body-Size.jpg,36,25,36,Hourglass
https://bodysize.date/morgan-lily/,https://bodysize.date/wp-content/uploads/2020/01/Morgan-Lily-Body-Size.jpg,34,25,34,Hourglass
https://bodysize.date/eva-marcille/,https://bodysize.date/wp-content/uploads/2020/01/Eva-Marcille-Body-Size.jpg,32,23,32,Hourglass
https://bodysize.date/camille-mcdonald/,https://bodysize.date/wp-content/uploads/2020/01/Camille-McDonald-Body-Size.jpg,34,25,34,Hourglass
https://bodysize.date/veronica-webb/,https://bodysize.date/wp-content/uploads/2020/01/Veronica-Webb-Body-Size.jpg,34,24,34,Hourglass
https://bodysize.date/rose-bertram/,https://bodysize.date/wp-content/uploads/2020/01/Rose-Bertram-Body-Size.jpg,37,26,36,Hourglass
https://bodysize.date/jennie-runk/,https://bodysize.date/wp-content/uploads/2020/01/Jennie-Runk-Body-Size.jpg,40,33,45,Pear or triangle
https://bodysize.date/tara-lynn/,https://bodysize.date/wp-content/uploads/2020/01/Tara-Lynn-Body-Size.jpg,38,34,47,Pear or triangle
https://bodysize.date/ashley-graham/,https://bodysize.date/wp-content/uploads/2020/01/Ashley-Graham-Body-Size-1.jpg,42,30,46,Pear or triangle
https://bodysize.date/nethra-raghuraman/,https://bodysize.date/wp-content/uploads/2020/01/Nethra-Raghuraman-Body-Size.jpg,34,27,35,Rectangle
https://bodysize.date/joanna-krupa/,https://bodysize.date/wp-content/uploads/2020/01/Joanna-Krupa-Body-Size.jpg,34,24,34,Hourglass
https://bodysize.date/laura-harring/,https://bodysize.date/wp-content/uploads/2020/01/Laura-Harring-Body-Size.jpg,38,26,37,Hourglass
https://bodysize.date/stassi-schroeder/,https://bodysize.date/wp-content/uploads/2020/01/Stassi-Schroeder-Body-Size.jpg,38,26,37,Hourglass
https://bodysize.date/paulina-gretzky/,https://bodysize.date/wp-content/uploads/2020/01/Paulina-Gretzky-Body-Size.jpg,36,25,35,Hourglass
https://bodysize.date/nia-sanchez/,https://bodysize.date/wp-content/uploads/2020/01/Nia-Sanchez-Body-Size.jpg,36,24,36,Hourglass
https://bodysize.date/odeya-rush/,https://bodysize.date/wp-content/uploads/2020/01/Odeya-Rush-Body-Size.jpg,35,27,36,Rectangle
https://bodysize.date/iris-mittenaere/,https://bodysize.date/wp-content/uploads/2020/01/Iris-Mittenaere-Body-Size.jpg,33,25,34,Rectangle
https://bodysize.date/lori-loughlin/,https://bodysize.date/wp-content/uploads/2020/01/Lori-Loughlin-Body-Size.jpg,36,25,35,Hourglass
https://bodysize.date/aarti-chhabria/,https://bodysize.date/wp-content/uploads/2020/01/Aarti-Chhabria-Body-Size.jpg,33,26,33,Rectangle
https://bodysize.date/ireland-baldwin/,https://bodysize.date/wp-content/uploads/2020/01/Ireland-Baldwin-Body-Size.jpg,35,25,35,Hourglass
https://bodysize.date/ginta-lapina/,https://bodysize.date/wp-content/uploads/2020/01/Ginta-Lapina-Body-Size.jpg,32,23,32,Hourglass
https://bodysize.date/anne-vyalitsyna/,https://bodysize.date/wp-content/uploads/2020/01/Anne-Vyalitsyna-Body-Size.jpg,34,24,34,Hourglass
https://bodysize.date/claudia-jordan/,https://bodysize.date/wp-content/uploads/2020/01/Claudia-Jordan-Body-Size.jpg,34,25,37,Pear or triangle
https://bodysize.date/heidi-klum/,https://bodysize.date/wp-content/uploads/2020/01/Heidi-Klum-Body-Size.jpg,37,27,37,Hourglass
https://bodysize.date/andressa-urach/,https://bodysize.date/wp-content/uploads/2020/01/Andressa-Urach-Body-Size.jpg,39,24,42,Pear or triangle
https://bodysize.date/elin-nordegren/,https://bodysize.date/wp-content/uploads/2020/01/Elin-Nordegren-Body-Size.jpg,37,25,36,Hourglass
https://bodysize.date/hannah-davis/,https://bodysize.date/wp-content/uploads/2020/01/Hannah-Davis-Body-Size.jpg,34,26,35,Rectangle
https://bodysize.date/mahira-khan/,https://bodysize.date/wp-content/uploads/2020/01/Mahira-Khan-Body-Size.jpg,34,27,35,Rectangle
https://bodysize.date/paulina-vega/,https://bodysize.date/wp-content/uploads/2020/01/Paulina-Vega-Body-Size.jpg,37,24,37,Hourglass
https://bodysize.date/shannon-tweed/,https://bodysize.date/wp-content/uploads/2020/01/Shannon-Tweed-Body-Size.jpg,36,25,36,Hourglass
https://bodysize.date/katherine-webb/,https://bodysize.date/wp-content/uploads/2020/01/Katherine-Webb-Body.jpg,35,24,35,Hourglass
https://bodysize.date/lara-bingle/,https://bodysize.date/wp-content/uploads/2020/01/Lara-Bingle-Body-Size.jpg,36,25,35,Hourglass
https://bodysize.date/eva-herzigova/,https://bodysize.date/wp-content/uploads/2020/01/Eva-Herzigova-Body-Size.jpg,34,24,34,Hourglass
https://bodysize.date/sarah-roemer/,https://bodysize.date/wp-content/uploads/2020/01/Sarah-Roemer-Body-Size.jpg,34,24,34,Hourglass
https://bodysize.date/danielle-lloyd/,https://bodysize.date/wp-content/uploads/2020/01/Danielle-Lloyd-Body-Size.jpg,32,25,35,Pear or triangle
https://bodysize.date/carrie-westcott/,https://bodysize.date/wp-content/uploads/2020/01/Carrie-Westcott-Body-Size.jpg,34,24,34,Hourglass
https://bodysize.date/stephanie-seymour/,https://bodysize.date/wp-content/uploads/2020/01/Stephanie-Seymour-Body-Size.jpg,37,26,37,Hourglass
https://bodysize.date/gabrielle-reece/,https://bodysize.date/wp-content/uploads/2020/01/Gabrielle-Reece-Body-Size.jpg,36,24,35,Hourglass
https://bodysize.date/ava-sambora/,https://bodysize.date/wp-content/uploads/2020/01/Ava-Sambora-Body-Size.jpg,36,27,35,Rectangle
https://bodysize.date/samantha-gradoville/,https://bodysize.date/wp-content/uploads/2020/01/Samantha-Gradoville-Body-Size.jpg,34,24,34,Hourglass
https://bodysize.date/emmanuelle-chriqui/,https://bodysize.date/wp-content/uploads/2020/01/Emmanuelle-Chriqui-Body-Size.jpg,37,24,35,Inverted triangle
https://bodysize.date/melrose-bickerstaff/,https://bodysize.date/wp-content/uploads/2020/01/Melrose-Bickerstaff-Body-Size.jpg,34,24,32,Inverted triangle
https://bodysize.date/ana-de-armas/,https://bodysize.date/wp-content/uploads/2020/01/Ana-de-Armas-Body-Size.jpg,35,25,35,Hourglass
https://bodysize.date/jenna-coleman/,https://bodysize.date/wp-content/uploads/2020/01/Jenna-Coleman-Body-Size.jpg,36,25,35,Hourglass
https://bodysize.date/ayla-malik/,https://bodysize.date/wp-content/uploads/2020/01/Ayla-Malik-Body-Size.jpg,36,29,38,Pear or triangle
https://bodysize.date/sarah-palin/,https://bodysize.date/wp-content/uploads/2020/01/Sarah-Palin-Body-Size.jpg,36,26,34,Inverted triangle
https://bodysize.date/kate-gosselin/,https://bodysize.date/wp-content/uploads/2020/01/Kate-Gosselin-Body-Size.jpg,37,28,36,Rectangle
https://bodysize.date/lucy-mecklenburgh/,https://bodysize.date/wp-content/uploads/2020/01/Lucy-Mecklenburgh-Body-Size.jpg,35,24,34,Hourglass
https://bodysize.date/ieva-laguna/,https://bodysize.date/wp-content/uploads/2020/01/Ieva-Laguna-Body-Size.jpg,32,24,36,Pear or triangle
https://bodysize.date/alexis-ren/,https://bodysize.date/wp-content/uploads/2020/01/Alexis-Ren-Body-Size.jpg,35,23,35,Hourglass
https://bodysize.date/olivia-thirlby/,https://bodysize.date/wp-content/uploads/2020/01/Olivia-Thirlby-Body-Size.jpg,33,24,33,Hourglass
https://bodysize.date/freida-pinto/,https://bodysize.date/wp-content/uploads/2020/01/Freida-Pinto-Body-Size.jpg,33,25,34,Rectangle
https://bodysize.date/cheryl-cole/,https://bodysize.date/wp-content/uploads/2020/01/Cheryl-Cole-Body-Size.jpg,34,23,33,Hourglass
https://bodysize.date/michelle-keegan/,https://bodysize.date/wp-content/uploads/2020/01/Michelle-Keegan-Body-Size.jpg,37,23,35,Inverted triangle
https://bodysize.date/marisa-miller/,https://bodysize.date/wp-content/uploads/2020/01/Marisa-Miller-Body-Size.jpg,35,23,35,Hourglass
https://bodysize.date/holly-valance/,https://bodysize.date/wp-content/uploads/2020/01/Holly-Valance-Body-Size.jpg,36,27,36,Hourglass
https://bodysize.date/kelly-brook/,https://bodysize.date/wp-content/uploads/2020/01/Kelly-Brook-Body-Size.jpg,39,28,37,Inverted triangle
https://bodysize.date/sarah-michelle-gellar/,https://bodysize.date/wp-content/uploads/2020/01/Sarah-Michelle-Gellar-Body-Size.jpg,34,24,34,Hourglass
https://bodysize.date/melissa-mccarthy/,https://bodysize.date/wp-content/uploads/2020/01/Melissa-McCarthy-Body-Size.jpg,43,38,45,Pear or triangle
https://bodysize.date/teri-hatcher/,https://bodysize.date/wp-content/uploads/2020/01/Teri-Hatcher-Body-Size.jpg,34,24,34,Hourglass
https://bodysize.date/helena-mattsson/,https://bodysize.date/wp-content/uploads/2020/01/Helena-Mattsson-Body-Size.jpg,35,26,35,Hourglass
https://bodysize.date/leven-rambin/,https://bodysize.date/wp-content/uploads/2020/01/Leven-Rambin-Body-Size.jpg,37,25,36,Hourglass
https://bodysize.date/nina-dobrev/,https://bodysize.date/wp-content/uploads/2020/01/Nina-Dobrev-Body-Size.jpg,33,23,33,Hourglass
https://bodysize.date/denise-richards/,https://bodysize.date/wp-content/uploads/2020/01/Denise-Richards-Body-Size.jpg,37,24,34,Inverted triangle
https://bodysize.date/annasophia-robb/,https://bodysize.date/wp-content/uploads/2020/01/AnnaSophia-Robb-Body-Size.jpg,34,23,33,Hourglass
https://bodysize.date/britt-robertson/,https://bodysize.date/wp-content/uploads/2020/01/Britt-Robertson-Body-Size.jpg,32,25,32,Rectangle
https://bodysize.date/sandra-bullock/,https://bodysize.date/wp-content/uploads/2020/01/Sandra-Bullock-Body-Size.jpg,34,24,34,Hourglass
https://bodysize.date/lauren-cohan/,https://bodysize.date/wp-content/uploads/2020/01/Lauren-Cohan-Body-Size.jpg,36,25,35,Hourglass
https://bodysize.date/kristen-bell/,https://bodysize.date/wp-content/uploads/2020/01/Kristen-Bell-Body-Size.jpg,34,24,34,Hourglass
https://bodysize.date/ashley-benson/,https://bodysize.date/wp-content/uploads/2020/01/Ashley-Benson-Body-Size.jpg,36,25,34,Inverted triangle
https://bodysize.date/leighton-meester/,https://bodysize.date/wp-content/uploads/2020/01/Leighton-Meester-Body-Size.jpg,34,24,34,Hourglass
https://bodysize.date/hilary-duff/,https://bodysize.date/wp-content/uploads/2020/01/Hilary-Duff-Body-Size.jpg,34,27,34,Rectangle
https://bodysize.date/julianne-hough/,https://bodysize.date/wp-content/uploads/2020/01/Julianne-Hough-Body-Size.jpg,34,24,34,Hourglass
https://bodysize.date/erika-christensen/,https://bodysize.date/wp-content/uploads/2020/01/Erika-Christensen-Body-Size.jpg,38,28,37,Rectangle
https://bodysize.date/laura-vandervoort/,https://bodysize.date/wp-content/uploads/2020/01/Laura-Vandervoort-Body-Size.jpg,35,25,35,Hourglass
https://bodysize.date/brittany-snow/,https://bodysize.date/wp-content/uploads/2020/01/Brittany-Snow-Body-Size.jpg,36,25,34,Inverted triangle
https://bodysize.date/ashley-hinshaw/,https://bodysize.date/wp-content/uploads/2020/01/Ashley-Hinshaw-Body-Size.jpg,35,24,35,Hourglass
https://bodysize.date/vanessa-hudgens/,https://bodysize.date/wp-content/uploads/2020/01/Vanessa-Hudgens-Body-Size.jpg,34,24,34,Hourglass
https://bodysize.date/amanda-seyfried/,https://bodysize.date/wp-content/uploads/2020/01/Amanda-Seyfried-Body-Size.jpg,36,26,35,Hourglass
https://bodysize.date/anna-faris/,https://bodysize.date/wp-content/uploads/2020/01/Anna-Faris-Body-Size.jpg,35,24,34,Hourglass
https://bodysize.date/gal-gadot/,https://bodysize.date/wp-content/uploads/2020/01/Gal-Gadot-Body-Size.jpg,34,23,34,Hourglass
https://bodysize.date/dianna-agron/,https://bodysize.date/wp-content/uploads/2020/01/Dianna-Agron-Body-Size.jpg,34,28,35,Rectangle
https://bodysize.date/eva-amurri-martino/,https://bodysize.date/wp-content/uploads/2020/01/Eva-Amurri-Martino-Body-Size.jpg,36,24,35,Hourglass
https://bodysize.date/olivia-munn/,https://bodysize.date/wp-content/uploads/2020/01/Olivia-Munn-Body-Size.jpg,36,25,35,Hourglass
https://bodysize.date/katherine-heigl/,https://bodysize.date/wp-content/uploads/2020/01/Katherine-Heigl-Body-Size.jpg,36,25,36,Hourglass
https://bodysize.date/amber-heard/,https://bodysize.date/wp-content/uploads/2020/01/Amber-Heard-Body-Size.jpg,34,26,34,Rectangle
https://bodysize.date/brooklyn-decker/,https://bodysize.date/wp-content/uploads/2020/01/Brooklyn-Decker-Body-Size.jpg,36,24,34,Inverted triangle
https://bodysize.date/lily-jordan/,https://bodysize.date/wp-content/uploads/2020/01/Lily-Jordan-Body-Size.jpg,32,24,28,Inverted triangle
